Identifier	Belongings
CDC6 association with the ORC:origin complex	PAWR;APP;HMGA1;STAT1
G2 Phase	PAWR;IKBKG;GSN;APP;STAT1
Transcription of E2F targets under negative control by p107 (RBL1) and p130 (RBL2) in complex with HDAC1	LAMP2;DDX5;VDAC1;NPM1;FLNA;HCFC1;RAN;ALB;DLST;SOD1;P4HB;TARDBP;ALYREF;ALDH4A1;PAWR;STIP1;PPP2CA;APP;STAT1;H4C1;BAG3
NCAM signaling for neurite out-growth	ABI1;COL4A2;COL6A5;SPTB;LAMP2;ACTN1;CYCS;LASP1;TGFB1I1;PDCD6IP;COL5A1;PRDX1;COL4A4;GAPDH;COL3A1;COL4A1;HSD17B12;FHL1;BAG6;PTRH2;UQCRB;PARK7;RAN;HSP90AA1;CALM1;HSPD1;NDUFV2;HSP90AB1;SNCA;KRT19;COQ8A;PSMA1;COL6A2;PKM;SPARC;MAPT;GSN;MFF;COL5A2;NCAM1;CRK;KRT75;SPTBN1;COL6A6;MAOB;COL2A1;SHANK3;GADD45GIP1;FN1;AGRN;APP;SPTA1;TNC;COL6A1;SPTAN1;STIM1;HMOX2
Senescence-Associated Secretory Phenotype (SASP)	HNRNPU;FBLIM1;ARHGDIB;HSPA8;BAG6;RAN;HSPD1;NDUFV2;FH;TUBA1A;H2AZ2;MACROD1;LMNA;KRT75;RHOA;YWHAG;VCP;DCTN1;HSPB1;CTNNB1;TGM2;FUS;NDUFB7;H2AC20;RAB11B;LPIN1;CORO1A;MRPS31;HSP90AA1;GRN;SOD1;ACTN2;PRDX2;SNCA;PKM;RAC1;GSN;EFEMP1;IGFBP7;SRI;H2AX;PPP2CA;H4C1;GNB2;NEDD4;SCGB1A1;NEFL;CRIP2;ECHS1;PSMD4;VASP;PF4;PYCR3;RPS3;PSMA1;UQCC2;FKBP1A;RPS27A;RBPMS;STAT1;CLU;CRELD2;RAD23B;LAMP2;PPP2R1A;PPP1R12A;DHX9;YWHAZ;ELAVL1;HSP90AB1;TUBB2A;TARDBP;CBX3;PRDX5;RPS9;TTR;NEFM;IKBKG;GADD45GIP1;ECH1;APP;CTSD;EIF4G1
Inhibition of replication initiation of damaged DNA by RB1/E2F1	PAWR;STIP1;PURA;FHL1;PPP2R5A;NEFM;IKBKG;PPP2CA;RAN;LAMP2;HSPA2;FKBP1A;APP;CLPP;STAT1;PPP2R1A
Interferon alpha/beta signaling	CTNNB1;CCDC47;CAV1;ACTN1;CD81;APOC1;IQGAP1;HSPA8;FLNA;TPM1;BAG6;TPM3;ALDOA;PECAM1;ITGB1;CD74;HSP90AA1;GRN;SOD1;HSP90AB1;SNCA;BST2;TARDBP;HNRNPK;CTTN;SAMHD1;MACROD1;KPNB1;VCP;FLNB;PPP2CA;LGALS3BP;RBPMS;APP;STAT1;HSPB1;LMNB1
TRAF6 mediated IRF7 activation	CTNNB1;CCDC47;KANK2;FUS;DDX5;UCHL1;HSPA12B;SLC25A12;BAG6;C1QBP;ALDOA;MACROH2A1;DLST;YBX1;AQP1;PSMD9;TCAP;HSP90AB1;PPL;GSTZ1;CALR;MTDH;CHCHD2;EFEMP1;IKBKG;PPP2CA;GSTP1;STAT1;H4C1;NEBL
Integration of provirus	KPNB1;HMGA1;BANF1;PPIA;EMD;CRK;MACROD1;APP;TPT1;BIN1;STAT1;BSG;STIM1;HSPB1;LMNB1
Vpr-mediated nuclear import of PICs	BANF1;LAMP2;ISCU;PDLIM3;SEC31A;TPR;HMGA1;CAVIN3;TPM3;FABP3;PARK7;RAN;SMARCE1;TARDBP;NUMA1;MACROD1;KRT75;KPNB1;TTR;SUOX;KRT1;EMD;KRT15;RBPMS;STAT1;HMOX2;LMNB1
Aberrant regulation of mitotic G1/S transition in cancer due to RB1 defects	PAWR;RHOA;PURA;NEFM;IKBKG;GSN;FKBP1A;APP;STAT1;HSP90AB1
Defective binding of RB1 mutants to E2F1,(E2F2, E2F3)	PAWR;RHOA;PURA;NEFM;IKBKG;GSN;FKBP1A;APP;STAT1;HSP90AB1
NS1 Mediated Effects on Host Pathways	DDX21;LAMP2;ISCU;PDLIM3;SEC31A;EIF2S1;TPR;NPM1;PABPN1;CAVIN3;DHX9;FABP3;TPM3;PARK7;RAN;SMARCE1;CD74;TARDBP;NUMA1;MACROD1;HNRNPC;KRT75;KPNB1;TTR;FLNB;PABPC1;SUOX;KRT1;RBPMS;KRT15;STAT1;HMOX2;LMNB1
Pre-NOTCH Expression and Processing	CTNNB1;KANK2;LAMP2;FBLIM1;FUS;CYCS;PPIF;PHB;H2AC20;PPP2R1A;DDX5;THRAP3;UCHL1;PTGES3;RACK1;NEFL;HSPA8;NPM1;PABPN1;FLNA;BAG6;RAN;YBX1;YWHAZ;NCL;HSP90AA1;GRN;HSPD1;NDUFV2;HSPA9;ACTN2;UQCRC2;TUBB2A;HSP90AB1;SNCA;RPS3;FH;PKM;HNRNPK;CBX3;RAC1;YAP1;SFN;S100A4;TUBA1A;H2AZ2;MTDH;GSN;HMGB1;HSPA5;PRPH;HMOX2;LMNA;CDC42;PAWR;STIP1;YWHAG;TTR;H2AX;NEFM;PABPC1;IKBKG;BAG3;PPIA;MAP1B;APP;TPT1;STAT1;ATP2A2;H4C1;HSPB1;CTSD;TMED10;TOR1AIP1
Synthesis of bile acids and bile salts via 27-hydroxycholesterol	EFEMP1;KANK2;STAT1;FUS
Recycling of bile acids and salts	YWHAG;ACSL5;SFXN1;KANK2;PPIA;RAN;FUS;LAMP2;ALB;STAT1;CYB5R3;VAMP3;STX7;HMOX2
"Platelet degranulation "	CAVIN2;RMDN3;LRPPRC;SPTB;CD36;CLIP1;ACTN3;ACTG1;COL1A1;MBP;RPL37A;A1BG;LRP1;UCHL1;SPP2;IQGAP1;HSPA8;COL3A1;ACAN;BAG6;DNAJA3;TPM3;PARK7;PECAM1;DLST;LAMTOR1;CAP1;MYBPHL;HSPD1;TOMM22;NDUFV2;P4HB;COL18A1;ENO1;LOX;COQ8A;PLG;PGAM1;ATP5MG;SORBS2;TUBA1A;COA7;ACTR3;HSP90B1;CALU;CFL1;TCOF1;FGB;LMNA;SYNPO;BCAP31;CST3;EML1;YWHAG;RHOA;MYBPC2;VCP;EPB41;DCTN1;FLNB;COL2A1;PPIA;SCP2;TGFB1;FN1;SHANK3;CYB5R3;BSG;CD9;MPP1;HSPB1;SYNC;ACTN4;HMOX2;APOA1;CTNNB1;TGM2;ACTN1;FUS;LASP1;VCL;EEF1D;TGFB2;CRYAB;CLEC3B;CLTA;TCP1;PDLIM1;ALDOC;TPM1;LPIN1;FBN1;CORO1A;CLPP;TCAP;HSP90AA1;GRN;SOD1;KNG1;ACTN2;SNX2;LGALS1;SNCA;PSMC1;HSD17B10;PPP2R5A;LRPAP1;OBSCN;RAC1;GSN;MFF;ANXA5;CSRP3;MYOT;CRK;FGA;HSPA5;HTRA1;RPL28;TLN1;STIP1;TTN;PPP2CA;LGALS3BP;TMSB4X;MYOZ1;H4C1;STIM1;CD47;VWF;MYOZ2;ATP1B1;SNRNP70;PSAP;GNB2;TMEM43;CAV1;CYCS;CFD;TAGLN2;PDLIM3;DCN;SCGB1A1;COL5A1;RACK1;NEFL;FLNA;APOE;PPP1CB;C1QBP;PDIA3;ITGB1;RPSA;PF4;CALM1;PPP1R2;SEPTIN2;FLOT2;CANX;DMKN;PSMA1;FGG;SPARC;MAPT;HP;ATP5PO;FKBP1A;DHRS1;STX4;HMGB1;PSMC3;VAMP3;PRKAR2B;IDH1;SYNPO2L;TUBA4A;PAWR;CCT6A;TPM2;SLC25A20;PABPC1;PFN1;RBPMS;CLU;ECM1;SYNCRIP;MANF;PDLIM4;APOOL;PDIA6;GAP43;PPIF;LAMP2;AK2;EIF2S1;GAPDH;HYOU1;HSPB2;TJP1;ALDOA;ALB;JUP;YWHAZ;DNAJB11;F13A1;APOH;SERBP1;HSP90AB1;ARPC2;THY1;COX5A;MGST1;YWHAB;TARDBP;SAMHD1;PRDX5;CALR;CTNNA1;DCTN2;PLIN3;SFXN3;NUCB1;LTBP1;CCN2;FSTL1;FLOT1;LAMA4;TTR;WDR1;SYNM;MAOB;TF;HSPB7;AHSG;APP;NACA;NEBL;CTSD;COQ9;TMED10
Post-translational protein phosphorylation	ITIH2;RMDN3;LRPPRC;SPTB;CD36;MBP;COL1A1;AKR1A1;LRP1;UCHL1;SPP2;HSPA8;CHCHD3;ACAN;SERPINC1;BAG6;TPM3;PARK7;PECAM1;DLST;HSPD1;FBLN5;NDUFV2;P4HB;COL18A1;KRT19;LOX;ATP6V1B2;SMTN;PGAM1;LAMB2;TUBA1A;ACTR3;HSP90B1;CALU;AK3;TCOF1;BCAP31;CST3;PRKCSH;YWHAG;RHOA;EPB41;DCTN1;MECP2;PPIA;TGFB1;FN1;BSG;CD9;HSPB1;HMOX2;SYNC;PTPRC;APOA1;CTNNB1;TGM2;LASP1;RPL3;CP;TGFB2;SARNP;CRYAB;SERPIND1;TPM1;PRDX4;LPIN1;KTN1;RAB11B;FBN1;CORO1A;CLPP;VCAN;GRN;HSP90AA1;SOD1;ST13;KNG1;SNX2;LGALS1;SNCA;HSD17B10;PPP2R5A;LRPAP1;RAC1;GSN;MFF;ANXA5;CHCHD2;FGA;HSPA5;IGFBP7;RPL28;ACSF2;PPP2CA;PDIA4;RBM14;TMSB4X;CD47;ATP1B1;PSAP;TMEM43;CAV1;CYCS;VDAC2;CDH2;SCGB1A1;COL5A1;DCN;STOML2;CYB5A;CKAP4;NEFL;FLNA;APOE;GNB1;C1QBP;PSMC6;LAMB1;PDIA3;ITGB1;RPSA;ALCAM;CALM1;PPP1R2;SEPTIN2;FLOT2;CANX;FGG;MYH9;MAPT;HP;ATP5PO;FKBP1A;RPS27A;MFGE8;ANXA2;HMGB1;PSMC3;PTMA;RPS15A;TUBA4A;PGRMC1;CCT6A;PABPC1;SUOX;CFH;CLU;SYNCRIP;PDIA6;GAP43;MYLPF;PPIF;LAMP2;M6PR;STOM;CD81;PALMD;GAPDH;HSPB2;PCMT1;CNPY3;ALB;JUP;IRAG1;PALM;THY1;COX5A;MSRB3;YWHAB;VWA1;TARDBP;TMEM109;EMILIN1;CALR;DCTN2;NUCB1;LTBP1;CCN2;ISCA2;FSTL1;FLOT1;LAMA4;PNPLA2;TTR;TF;LAMC1;C3;AHSG;TNNI3;TMPO;APP;TNC;NACA;NEBL;BAG3;CTSD;NDUFS1;TMED10
TRAF3-dependent IRF activation pathway	SNAP29;CTNNB1;CCDC47;BAG6;SLC25A12;C1QBP;IKBKG;PPP2CA;FUS;MTDH;DLST;YBX1;CALR;DDX5;STAT1;H4C1;HSP90AB1;UCHL1
Transport of Ribonucleoproteins into the Host Nucleus	LAMP2;ISCU;PDLIM3;SEC31A;TPR;CAVIN3;TPM3;FABP3;PARK7;RAN;SMARCE1;CD74;TARDBP;NUMA1;MACROD1;KRT75;KPNB1;TTR;SUOX;KRT1;KRT15;RBPMS;STAT1;HMOX2;LMNB1
Synthesis of bile acids and bile salts via 7alpha-hydroxycholesterol	YWHAG;KANK2;PPIA;RAN;SCP2;FUS;HSD17B4;LAMP2;STAT1;HMOX2;EFEMP1
Endogenous sterols	SUOX;KANK2;FUS;STAT1;FDX1
NR1H2 & NR1H3 regulate gene expression to control bile acid homeostasis	KANK2;PPIA;FUS;STAT1;TRIM28;BAG3;LMNA;NEFL
Diseases of mitotic cell cycle	PURA;GNB2;LAMP2;PHB;FTH1;BAG6;PARK7;MACROH2A1;GRN;HSP90AB1;TARDBP;RAC1;FKBP1A;GSN;EFEMP1;PAWR;RHOA;VCP;NEFM;IKBKG;RBPMS;APP;STAT1;HSPB1
Aberrant regulation of mitotic cell cycle due to RB1 defects	PURA;GNB2;LAMP2;PHB;BAG6;GRN;HSP90AB1;TARDBP;RAC1;FKBP1A;GSN;EFEMP1;PAWR;RHOA;VCP;NEFM;IKBKG;RBPMS;APP;STAT1
Transcriptional regulation of pluripotent stem cells	RHOA;ECHS1;PSMA1;SRI;NEFM;HSPB7;KANK2;FGF2;CORO1A;RPS9;GADD45GIP1;AQP1;MRPS31;APP;ECH1;STAT1;CRK;PRDX2
BMAL1:CLOCK,NPAS2 activates circadian gene expression	CTNNB1;KANK2;LAMP2;FUS;LASP1;DNAJA3;BAG6;RAN;ALB;GRN;SOD1;SNCA;TARDBP;MTDH;NOP58;GSN;COX5B;VCP;RBPMS;STAT1;H4C1;HSPB1
Pre-NOTCH Transcription and Translation	CTNNB1;KANK2;LAMP2;FBLIM1;FUS;CYCS;PPIF;PHB;H2AC20;PPP2R1A;DDX5;THRAP3;UCHL1;PTGES3;RACK1;NEFL;HSPA8;NPM1;PABPN1;FLNA;BAG6;RAN;YBX1;YWHAZ;NCL;HSP90AA1;GRN;HSPD1;NDUFV2;HSPA9;ACTN2;UQCRC2;TUBB2A;HSP90AB1;SNCA;RPS3;FH;PKM;HNRNPK;CBX3;RAC1;YAP1;SFN;S100A4;TUBA1A;H2AZ2;MTDH;GSN;HMGB1;HSPA5;PRPH;HMOX2;LMNA;CDC42;PAWR;STIP1;YWHAG;TTR;H2AX;NEFM;PABPC1;IKBKG;BAG3;PPIA;MAP1B;APP;TPT1;STAT1;H4C1;HSPB1;CTSD;TOR1AIP1
MAPK1 (ERK2) activation	PSMA1;HNRNPK;PECAM1;PSMD9;APP;STAT1;HSP90AB1
Interactions of Vpr with host cellular proteins	BANF1;LAMP2;ISCU;PDLIM3;SEC31A;VDAC1;SLC25A5;TPR;HMGA1;CAVIN3;TPM3;FABP3;PARK7;RAN;SMARCE1;SLC25A4;TARDBP;NUMA1;MACROD1;KRT75;KPNB1;TTR;SUOX;KRT1;EMD;KRT15;RBPMS;STAT1;HMOX2;LMNB1
TP53 Regulates Transcription of Genes Involved in G1 Cell Cycle Arrest	PPIF;LAMP2;PHB;DDX5;PPP2R1A;UCHL1;NPM1;FLNA;BAG6;YWHAZ;NCL;HSPA9;SNCA;RPS3;HNRNPK;SFN;S100A4;GSN;FKBP1A;HMGB1;PAWR;RHOA;YWHAG;STIP1;IKBKG;MAP1B;APP;TPT1;STAT1;HSPB1
Synthesis of bile acids and bile salts	YWHAG;KANK2;PPIA;RAN;SCP2;FUS;RAB7A;HSD17B4;VAPB;LAMP2;STAT1;RPL11;HMOX2;EFEMP1
Signaling by FGFR1 in disease	ABI1;CAV1;NEDD4;FGF2;LASP1;FTH1;HNRNPA2B1;HSPA8;ECHS1;HSD17B12;DNAJA3;MYOZ3;VASP;RPSA;CORO1A;ITGB1;MRPS31;HSPD1;HSP90AB1;COX5A;PRDX2;PYCR3;KRT19;YWHAB;TINAGL1;SNRPB;RPL13;RAC1;RPS9;LRRFIP1;CRK;DDB1;EFEMP1;ERLIN2;TTR;SRI;MAOB;SUOX;SHANK3;GADD45GIP1;HSPA2;ECH1;APP;STAT1;MYOZ1;STIM1;BAG3;KIF5B
E2F mediated regulation of DNA replication	PURA;LAMP2;PPP2R1A;VDAC1;HMGA1;FHL1;RAN;DLST;CLPP;PPP2R5A;ALYREF;FKBP1A;PAWR;STIP1;NEFM;IKBKG;PPP2CA;HSPA2;APP;STAT1
Bile acid and bile salt metabolism	ACSL5;SFXN1;KANK2;LAMP2;FUS;STX7;RAN;RAB7A;ALB;VAPB;RPL11;VAMP3;EFEMP1;YWHAG;PPIA;SCP2;HSD17B4;STAT1;CYB5R3;HMOX2
Activation of PUMA and translocation to mitochondria	CTNNB1;PPIF;LAMP2;FUS;LMNB2;PHB;DDX5;PPP2R1A;UCHL1;NPM1;FLNA;PPP1CB;RAN;HNRNPAB;YWHAZ;NCL;HSPA9;RPS3;ACSF3;HNRNPK;SFN;YAP1;S100A4;HMGB1;PRPH;PAWR;STIP1;YWHAG;KRT4;MAP1B;APP;TPT1;STAT1;HSPB1;LMNB1
MAPK targets/ Nuclear events mediated by MAP kinases	ARHGDIB;PHB2;SCGB1A1;PPP2R1A;NEFL;HSPA8;PPP1R12A;FHL1;BAG6;RAB11B;LPIN1;VASP;CLPP;HSP90AA1;HSPD1;HSP90AB1;TUBB2A;PSMA1;TARDBP;EEF1A1;PPP2R5A;PKM;RAC1;TUBA1A;GSN;DYNC1H1;YWHAG;H2AX;NEFM;IKBKG;PPP2CA;APP;STAT1;CLU;HSPB1
Regulation of IFNA signaling	CAV1;ALDOA;CTTN;HNRNPK;PECAM1;ITGB1;STAT1;HSP90AB1
Negative regulators of DDX58/IFIH1 signaling	GNB2;DSTN;NONO;NEDD4;KANK2;MRPL53;RAD23B;RAB18;PCBP1;SRSF3;UCHL1;MRPL11;PSMD4;BAG6;C1QBP;SLC25A12;DLST;LAMTOR1;ELAVL1;TCAP;GRN;SOD1;HSP90AB1;SNCA;TARDBP;EMILIN1;TUBA1A;CALR;RPS27A;PCBP2;UBE2L3;SNAP29;VCP;FLNB;DCTN1;IKBKG;PPP2CA;NEDD8;RBPMS;PDLIM7;TUFM;APP;STAT1;TNS2;HSPB1;SYNCRIP
Transcriptional regulation of granulopoiesis	CTNNB1;LAMP2;FBLIM1;FUS;H2AC20;CLTC;DDX5;ECHS1;BAG6;RAN;CORO1A;YBX1;YWHAZ;MRPS31;PSMD9;GRN;NDUFV2;HSP90AB1;ACTN2;PRDX2;SNCA;FH;TARDBP;PKM;CBX3;YAP1;RPL11;RPS9;H2AZ2;FKBP1A;GSN;BIN1;LMNA;PAWR;STIP1;YWHAG;TTR;NDUFS1;SRI;H2AX;IKBKG;GADD45GIP1;RBPMS;ECH1;APP;STAT1;H4C1;BAG3;CTSD;ACTN4
Apoptosis induced DNA fragmentation	HMGB2;KPNB1;DCTN1;H1-0;HNRNPU;H1-1;KRT7;H1-2;MACROD1;H1-4;SRSF3;HMGB1;STAT1;CD74;APP;H1-5;HSPB1;LMNB1
Transcription of SARS-CoV-2 sgRNAs	
NR1H3 & NR1H2 regulate gene expression linked to cholesterol transport and efflux	APOA1;HNRNPH1;KANK2;LAMP2;FUS;ACACA;DDX5;NFU1;APOC1;MICOS13;LRP1;PTGES3;RACK1;NEFL;APOE;DNAJA3;MTCH2;YBX1;TRIM28;ST13;SOD1;HSP90AB1;LGALS1;CANX;PGK1;PSMC1;SNCA;EMILIN1;HP;MTDH;MAPT;MFF;STX12;IMMT;MPC2;AK3;LMNA;CDC42;ACSF2;TNNT2;LETMD1;PABPC1;PPIA;CFH;RBPMS;KRT15;APP;STAT1;H4C1;BAG3
NR1H2 & NR1H3 regulate gene expression linked to triglyceride lipolysis in adipose	BAG3;FUS;STAT1;PLIN1;LMNA
Signaling by PDGF	CD36;IQGAP1;COL3A1;BAG6;DNAJA3;PECAM1;DLST;HSPD1;KRT19;LOX;COQ8A;RPL13;PLG;SORBS2;COL5A2;DDB1;COL6A6;FLNB;PRX;COL2A1;PPIA;SHANK3;TGFB1;FN1;MAP4;SNX3;SLC9A3R1;ABI1;CTNNB1;ACTN1;LASP1;H1-4;VCL;PAK2;RAB11B;LPIN1;CORO1A;FLNC;MRPS31;HSP90AA1;PRDX2;COL6A2;RAC1;DAG1;GSN;MFF;CRK;HTRA1;SRI;RRAS;RTN4;STIM1;MYLK;CAV1;COL5A1;COL4A4;HNRNPA2B1;FLNA;ECHS1;HSD17B12;PSMC6;ITGB1;AFDN;CAST;GSTZ1;SPARC;SUOX;KRT15;STAT1;COL4A2;COL6A5;RPL10;LAMP2;COL4A1;OGN;APOH;COX5A;DNM1;HNRNPK;RPS9;CALR;TTR;MAOB;IKBKG;GADD45GIP1;ECH1;APP;TMPO;TNC;COL6A1
DNA Replication Pre-Initiation	PSMA4;RAD23B;NEDD4;KANK2;LAMP2;FUS;LASP1;RPS14;LETM1;PSMA6;NDUFAB1;HTRA2;GAPDH;NEFL;APIP;CLIC1;HMGA1;TPM1;SERPINH1;PSMD4;TPM3;PSMC6;MYOZ3;RAN;DLST;SMARCE1;PSMD9;ELAVL1;CLPP;GRN;HSPD1;SOD1;ACTN2;PYCR3;SNCA;PSMC1;KRT19;PSMA1;SNRPB;TARDBP;HNRNPA1;TNNI2;CALR;KRT13;FKBP1A;DPY30;STX4;GSN;RPS27A;PSMC3;CRK;PRPH;SYNPO2L;PAWR;STIP1;PSMA7;LIN7B;VCP;NDUFV1;RBFOX2;DCTN1;IKBKG;SHANK3;PRDX6;GADD45GIP1;HSPA2;KRT15;APP;STAT1;PSMD1;H4C1;HSPB1;TOR1AIP1
Nuclear events stimulated by ALK signaling in cancer	
Assembly of the pre-replicative complex	PSMA4;RAD23B;NEDD4;KANK2;FUS;LASP1;RPS14;LETM1;PSMA6;NDUFAB1;HTRA2;APIP;CLIC1;HMGA1;TPM1;SERPINH1;PSMD4;TPM3;PSMC6;MYOZ3;DLST;SMARCE1;PSMD9;ELAVL1;CLPP;GRN;SOD1;ACTN2;PYCR3;SNCA;PSMC1;KRT19;PSMA1;SNRPB;TARDBP;HNRNPA1;TNNI2;CALR;KRT13;FKBP1A;DPY30;STX4;GSN;RPS27A;PSMC3;CRK;PRPH;SYNPO2L;PAWR;PSMA7;LIN7B;VCP;NDUFV1;RBFOX2;DCTN1;IKBKG;SHANK3;PRDX6;GADD45GIP1;HSPA2;KRT15;APP;STAT1;PSMD1;H4C1;HSPB1;TOR1AIP1
NF-kB activation through FADD/RIP-1 pathway mediated by caspase-8 and -10	BCAP31;RPS3;ILK;KRT8;SLC25A12;BAG6;C1QBP;IKBKG;PARK7;PPP2CA;DLST;CALR;APP;ANXA1;STAT1;HSP90AA1;HSP90AB1
Transcriptional regulation of white adipocyte differentiation	ADIPOQ;CTNNB1;TGM2;LRPPRC;CD36;KANK2;LAMP2;NDUFB7;FUS;LASP1;FABP4;STOM;PPP2R1A;DDX5;THRAP3;SGCB;NEFL;ERP29;CRIP2;DHX9;BAG6;DNAJA3;SFPQ;PCK1;RAN;ALB;YBX1;ITGB1;SMARCE1;PSMD9;TRIM28;SOD1;NDUFV2;HSP90AB1;P4HB;PGK1;RPS3;TARDBP;KRT13;NOP58;MTDH;MACROD1;MFF;PLIN3;LRRFIP1;FASN;GSN;LTBP1;FSTL1;NDUFS1;YWHAG;PLIN1;VCP;IKBKG;SUOX;PPP2CA;PPIA;KRT16;TGFB1;GADD45GIP1;KRT15;APP;STAT1;PLEKHO2;CYB5R3;CLU;H4C1;DYNC1H1;COQ9
Interleukin-37 signaling	NEDD4;CHMP4B;LAMP2;FGF2;DDX5;COQ3;ECHS1;PECAM1;CORO1A;MRPS31;HSP90AB1;PRDX2;YAP1;RPS9;GSN;PLIN3;CRK;SRI;ATP5PF;IKBKG;GADD45GIP1;ECH1;APP;STAT1;TMED10;PPP1R12C
Early Phase of HIV Life Cycle	KPNB1;HMGA1;BANF1;PPIA;EMD;MYH9;CRK;MACROD1;LAMP2;CD74;TPT1;BIN1;STAT1;APP;BSG;STIM1;HSPB1;LMNB1
Other interleukin signaling	RMDN3;ANXA6;KANK2;LAMP2;CD81;STX7;BTF3;NEFL;BAG6;NAPA;SMARCE1;F13A1;GRN;HSP90AB1;CYB5B;BTF3L4;SNCA;HNRNPK;UQCC2;KRT13;STX4;DYNC1H1;STX12;VAMP3;LMNA;KRT75;SNAP29;VCP;DCTN1;EMD;KRT15;AOC3;PDLIM7;APP;HIBADH;STAT1;NACA;HSPB1;COQ9
IL-6-type cytokine receptor ligand interactions	APOE;HNRNPK;APP;STAT1;NDUFAB1;HSP90AB1
Interleukin-2 signaling	HNRNPA2B1;CANX;DNAJA3;SUOX;RAC1;APP;STAT1;HSP90AA1;HSP90AB1;LRP1;PTPRC
Transcriptional Regulation by E2F6	TGM2;LAMP2;FUS;CYCS;ACACA;FTH1;EEF1D;HTRA2;RACK1;NEFL;FLNA;CCT3;PPP1CB;RAN;ALB;MACROH2A1;LAP3;TCAP;TRIM28;GRN;CAVIN1;HSPD1;SOD1;HSP90AB1;P4HB;SNCA;TARDBP;PKM;CBX3;TNNI1;MRPL12;PFDN2;DDB1;LMNA;ALDH4A1;PAWR;STIP1;YWHAG;LGALS7;MECP2;LBR;DCTN1;H2AX;YWHAE;BAG3;KRT15;APP;STAT1;H4C1;MPP1;HSPB1
Signaling by PDGFR in disease	ABI1;CTNNB1;LASP1;PPP2R1A;ECHS1;HSD17B12;ITGB1;CORO1A;MRPS31;BIN2;HSPD1;COX5A;PRDX2;LGALS1;KRT19;RPL13;RAC1;RPS9;BIN1;CRK;HSPG2;DDB1;YWHAG;TTR;SRI;MAOB;YWHAE;PPP2CA;GADD45GIP1;KRT15;ECH1;APP;STAT1;STIM1
Activation of NOXA and translocation to mitochondria	PPIF;LAMP2;PHB;DDX5;PPP2R1A;UCHL1;NPM1;FLNA;YWHAZ;NCL;HSPA9;RPS3;HNRNPK;SFN;S100A4;HMGB1;PAWR;STIP1;YWHAG;MAP1B;APP;TPT1;STAT1;HSPB1
Oncogene Induced Senescence	CRELD2;PURA;CAV1;RAD23B;NEDD4;HNRNPU;LAMP2;PPIF;NDUFB7;PHB;RPS7;PPP2R1A;DDX5;UCHL1;NPM1;FLNA;SERPINH1;HCFC1;PSMD4;C1QBP;EIF4G1;YWHAZ;ELAVL1;NCL;SOD1;HSP90AB1;HSPA9;PYCR3;SNCA;RPS3;PSMA1;EEF1A1;PKM;HNRNPK;UQCC2;SFN;RPL11;SET;S100A4;PRDX5;GSN;RPS27A;HMGB1;RPL23;KRT75;PAWR;STIP1;YWHAG;DCTN1;NEFM;PABPC1;YWHAE;IKBKG;MAP1B;APP;TPT1;STAT1;HSPB1;RPL5
Cytochrome P450 - arranged by substrate type	PGRMC1;SUOX;KANK2;LAMP2;FUS;STAT1;FDX1;POR
G1/S-Specific Transcription	LAMP2;TPI1;DDX5;VDAC1;GAPDH;NPM1;FLNA;HCFC1;ALDOA;RAN;ALB;DLST;SOD1;P4HB;ENO1;PGK1;TARDBP;EEF1A1;PGAM1;ALYREF;ANXA2;B2M;ALDH4A1;PAWR;STIP1;PPP2CA;PRDX6;APP;STAT1;H4C1;BAG3
NR1H2 and NR1H3-mediated signaling	APOA1;ADIPOQ;HNRNPH1;KANK2;LAMP2;FUS;ACACA;STOM;DDX5;NFU1;APOC1;MICOS13;HTRA2;LRP1;PTGES3;RACK1;NEFL;APOE;FHL1;DNAJA3;MTCH2;PCK1;YBX1;TRIM28;ST13;SOD1;HSP90AB1;LGALS1;CANX;PGK1;PSMC1;SNCA;ARPC3;EMILIN1;HP;MTDH;MAPT;MFF;STX12;IMMT;MPC2;FASN;AK3;LMNA;CDC42;ACSF2;TNNT2;LETMD1;BAG3;PABPC1;PPIA;RBPMS;CFH;KRT15;APP;STAT1;CNPY2;H4C1;PLIN1
Infection with Mycobacterium tuberculosis	NONO;NEDD4;RAD23B;LMNB2;LASP1;ACTN3;EEA1;THRAP3;GAPDH;NEFL;CHCHD3;NEBL;PSMD4;SFPQ;TPM3;FBN1;RAB7A;CORO1A;LAMTOR1;YWHAZ;ELAVL1;CD74;TCAP;PPP1R12C;SOD1;HSP90AB1;TIMM10B;PPL;ENO1;PGK1;KRT19;SNCA;PSMA1;ACSF3;PKM;KRT13;MACROD1;RPS27A;NDUFB10;B2M;CSRP2;KRT75;COX5B;KPNB1;ILK;DCTN1;TTN;IKBKG;BAG3;KRT1;ACOT11;KRT16;GADD45GIP1;HNRNPM;KRT15;APP;TACO1;STAT1;TMSB4X;PTBP1;HSPB1;SYNC;LMNB1;SYNCRIP
"NR1H2 & NR1H3 regulate gene expression linked to gluconeogenesis "	FHL1;ARPC3;PCK1;FUS;STAT1;BAG3;LMNA
Activation of anterior HOX genes in hindbrain development during early embryogenesis	FBLIM1;HSPA8;BAG6;RAN;HSPD1;NDUFV2;P4HB;FH;SET;TUBA1A;MTDH;H2AZ2;DPY30;DDB1;CCT5;PRPH;LMNA;PPIB;CUTA;YWHAG;PPIA;TGFB1;DES;LXN;HMOX2;ACTN4;CTNNB1;KANK2;FUS;LASP1;H2AC20;PSMA6;HCFC1;YBX1;HSP90AA1;GRN;SOD1;ACTN2;SNCA;PKM;RAC1;GSN;EFEMP1;STIP1;H2AX;TNS2;H4C1;DDX5;RACK1;NEFL;FLNA;CCT3;SERPINH1;CCN3;SLPI;SNRPB;SFN;FKBP1A;ALDH4A1;CCN5;GSTP1;RBPMS;STAT1;DYNC1H1;HMGB2;MRPL53;LAMP2;HDLBP;ALB;YWHAZ;F13A1;RUVBL1;TRIM28;TUBB2A;PGK1;TARDBP;ARPC3;CBX3;HNRNPC;TTR;NEFM;HSPA2;APP;RUVBL2;PCYOX1;BAG3;CTSD;KIF5B
Activation of HOX genes during differentiation	FBLIM1;HSPA8;BAG6;RAN;HSPD1;NDUFV2;P4HB;FH;SET;TUBA1A;H2AZ2;MTDH;DPY30;DDB1;CCT5;PRPH;LMNA;PPIB;CUTA;YWHAG;PPIA;TGFB1;DES;LXN;HMOX2;ACTN4;CTNNB1;KANK2;FUS;LASP1;H2AC20;PSMA6;HCFC1;YBX1;HSP90AA1;GRN;SOD1;ACTN2;SNCA;PKM;RAC1;GSN;EFEMP1;STIP1;H2AX;TNS2;H4C1;DDX5;RACK1;NEFL;FLNA;CCT3;SERPINH1;CCN3;SLPI;SNRPB;SFN;FKBP1A;ALDH4A1;CCN5;GSTP1;RBPMS;STAT1;DYNC1H1;HMGB2;MRPL53;LAMP2;HDLBP;ALB;YWHAZ;F13A1;RUVBL1;TRIM28;TUBB2A;PGK1;TARDBP;ARPC3;CBX3;HNRNPC;TTR;NEFM;HSPA2;APP;PCYOX1;RUVBL2;BAG3;CTSD;KIF5B
NOTCH3 Intracellular Domain Regulates Transcription	CTNNB1;KANK2;FUS;CYCS;DDX5;THRAP3;NEFL;FLNA;PABPN1;RAN;YBX1;GRN;UQCRC2;MTDH;HSPA5;DDB1;PRPH;LMNA;HMOX2;YWHAG;IKBKG;PPIA;RBPMS;PDLIM7;STAT1;H4C1;HSPB1;TOR1AIP1
Response of Mtb to phagocytosis	NONO;NEDD4;RAD23B;LMNB2;LASP1;ACTN3;EEA1;THRAP3;GAPDH;NEFL;CHCHD3;NEBL;PSMD4;SFPQ;TPM3;FBN1;RAB7A;CORO1A;LAMTOR1;YWHAZ;ELAVL1;CD74;TCAP;PPP1R12C;SOD1;HSP90AB1;TIMM10B;PPL;ENO1;PGK1;KRT19;SNCA;PSMA1;ACSF3;PKM;KRT13;MACROD1;RPS27A;NDUFB10;CSRP2;KRT75;COX5B;KPNB1;ILK;DCTN1;TTN;IKBKG;BAG3;KRT1;ACOT11;KRT16;GADD45GIP1;HNRNPM;KRT15;APP;TACO1;STAT1;TMSB4X;PTBP1;HSPB1;SYNC;LMNB1;SYNCRIP
RORA activates gene expression	CTNNB1;VCP;DNAJA3;KANK2;RAN;FUS;MTDH;YBX1;GSN;NOP58;LAMP2;ALB;DDX5;STAT1;H4C1;SOD1;LMNA
Signaling by SCF-KIT	CD36;IQGAP1;DNAJA3;BAG6;PARK7;RAN;PECAM1;MRPL43;HSPD1;NDUFV2;KRT19;RPL13;SET;CMA1;DDB1;YWHAG;FLNB;NDUFV1;MECP2;DES;FN1;HMOX2;PTPRC;ABI1;CCDC47;KANK2;LASP1;PDCD6IP;RPL35A;PAK2;UQCRB;LAP3;CORO1A;MRPS31;VCAN;HSP90AA1;PRDX2;SNCA;RAC1;GSN;CRK;SRI;TNS2;H4C1;STIM1;PSAP;ARHGDIA;CAV1;CYCS;HNRNPA2B1;RACK1;ECHS1;HSD17B12;ITGB1;RPSA;LUM;MAPT;FKBP1A;PFDN2;SUOX;RBPMS;KRT15;STAT1;LAMP2;GAPDH;LIN7C;PPP1R12B;HSP90AB1;COX5A;YWHAB;TARDBP;YAP1;RPS9;TNNI1;TTR;MAOB;GADD45GIP1;HSPA2;ECH1;APP;NEBL
DNA Replication	RPS14;BAG6;TPM3;MYOZ3;RAN;DLST;HSPD1;ENO1;KRT19;HNRNPA1;PGAM1;DPY30;PRPH;VCP;NDUFV1;DCTN1;SHANK3;HSPB1;KANK2;FUS;LASP1;PSMA6;CLIC1;HMGA1;TPM1;UQCRB;YBX1;CLPP;GRN;SOD1;ACTN2;SNCA;PSMC1;EEF1A1;RAC1;TNNI2;GSN;CRK;EFEMP1;STIP1;RBFOX2;PSMD1;H4C1;TOR1AIP1;GNB2;NEDD4;NDUFAB1;HTRA2;NEFL;APIP;SERPINH1;PSMD4;PSMC6;PSMD9;PYCR3;PSMA1;SNRPB;KRT13;FKBP1A;RPS27A;STX4;ANXA2;PSMC3;SYNPO2L;PAWR;PSMA7;PRDX6;RBPMS;KRT15;STAT1;PSMA4;RAD23B;LAMP2;TPI1;PHB;LETM1;GAPDH;ALDOA;SMARCE1;ELAVL1;HSP90AB1;PGK1;TARDBP;CALR;B2M;LIN7B;IKBKG;NEDD8;GADD45GIP1;HSPA2;APP
Activation of the AP-1 family of transcription factors	ARHGDIB;SCGB1A1;NEFL;HSPA8;PPP1R12A;RAB11B;LPIN1;HSP90AA1;HSPD1;TUBB2A;PSMA1;TARDBP;PKM;EEF1A1;RAC1;TUBA1A;GSN;YWHAG;H2AX;NEFM;APP;STAT1;CLU;DYNC1H1
Nuclear Events (kinase and transcription factor activation)	CRELD2;CTNNB1;TGM2;CAV1;LAMP2;FUS;ARHGDIB;TAGLN2;PHB2;SCGB1A1;PPP2R1A;DDX5;HTRA2;PPP1R12A;ATXN2;FHL1;BAG6;PARK7;RAB11B;LPIN1;VASP;RAB7A;YBX1;MYBPHL;NME2;CLPP;HSP90AB1;SNX2;PSMA1;TARDBP;EEF1A1;PPP2R5A;PKM;CTTN;ACTR3;FKBP1A;GSN;DYNC1H1;CSRP2;PPIB;YWHAG;SRI;BAG3;IKBKG;PPP2CA;PPIA;HSPA2;APP;STAT1;PDLIM5;CLU;NEBL;HSPB1
HCMV Early Events	FBLIM1;CLIP1;UCHL1;IQGAP1;HSPA8;BAG6;TPM3;PARK7;RAN;PGAM2;MIF;NDUFV2;P4HB;NUMA1;TUBA1A;CFL1;DDB1;LMNA;KRT75;YWHAG;DYNC1LI1;DCTN1;BAG3;PPIA;HSPA4;HSPB1;HMOX2;PTPRC;CTNNB1;COX4I1;DYNC1I2;DYNLRB1;KANK2;ISCU;H2AC20;FTH1;FABP3;TCAP;HSP90AA1;GRN;SOD1;HSPA9;ACTN2;SNCA;PKM;CTTN;CRK;CCT8;TLN1;STIP1;H2AX;H1-1;TPT1;H4C1;CAV1;NEDD4;HNRNPH1;PDLIM3;RACK1;NEFL;FLNA;CCT3;VIM;ITGB1;ITGA5;CALM1;AKAP12;RPS3;SFN;MAPT;S100A4;ALDH4A1;TUBA4A;SUOX;KRT1;RBPMS;KRT15;STAT1;DYNC1H1;SYNCRIP;LAMP2;SEC31A;DYNC1LI2;TPR;GAPDH;CAVIN3;ALB;YWHAZ;SMARCE1;PPP1R12B;TRIM28;HSP90AB1;TUBB2A;PGK1;TARDBP;CBX3;ANXA1;TTR;APP;TUBB3;CTSD
Signalling to STAT3	ECHS1;SRI;RPS9;CORO1A;GADD45GIP1;MRPS31;ECH1;APP;STAT1;PRDX2
Pyruvate metabolism	HAGH;LDHA;SLC16A1;ME1;DLAT;LDHB;FUS;HNRNPD;VDAC2;GLO1;EEF1D;APOC1;VDAC1;UCHL1;HSPA8;APOE;PARK7;PDHX;SOD1;SNCA;PDK4;GSTZ1;PDHA1;TARDBP;IMMT;MPC2;DLD;LMNA;DNM1L;DCTN1;YWHAE;PPIA;PRDX6;PDHB;APP;STAT1;BSG;VDAC3
"NR1H2 & NR1H3 regulate gene expression to limit cholesterol uptake "	BAG3;FUS;STAT1;CNPY2;HTRA2;LMNA
Interleukin receptor SHC signaling	ABI1;SORBS1;LAP3;PECAM1;ITGB1;RPSA;PPP1R12B;COX5A;RPL13;YWHAB;RAC1;TNNI1;CRK;YWHAG;TTR;KRT15;APP;STAT1;NEBL
Signaling by PDGFRA transmembrane, juxtamembrane and kinase domain mutants	ABI1;LASP1;ECHS1;HSD17B12;ITGB1;CORO1A;MRPS31;HSPD1;COX5A;PRDX2;KRT19;RPL13;RAC1;RPS9;CRK;DDB1;TTR;SRI;MAOB;GADD45GIP1;KRT15;ECH1;APP;STAT1;STIM1
Signaling by PDGFRA extracellular domain mutants	ABI1;LASP1;HSD17B12;ECHS1;ITGB1;CORO1A;MRPS31;HSPD1;COX5A;PRDX2;KRT19;RPL13;RAC1;RPS9;CRK;DDB1;TTR;SRI;MAOB;GADD45GIP1;KRT15;ECH1;APP;STAT1;STIM1
Maturation of nucleoprotein	SNCA;CTNNB1;IKBKG;CHMP4B;MAPT;FUS;YWHAZ;APP;HNRNPC;RUVBL1;UBA1;NPM1
Interleukin-23 signaling	ECHS1;PRDX4;GNB1;CORO1A;MRPS31;GRN;HSP90AB1;PRDX2;P4HB;LAMTOR5;HNRNPK;RPS9;CHCHD2;SRI;TGFB1;GADD45GIP1;ECH1;APP;STAT1
Estrogen-dependent nuclear events downstream of ESR-membrane signaling	CAV1;NEDD4;ARHGDIB;TGFB1I1;PHB;SCGB1A1;PPP2R1A;UCHL1;IQGAP1;GAPDH;HSPA8;PPP1R12A;DHX9;HCFC1;VIM;PTRH2;RAB11B;LPIN1;YWHAZ;MIF;HSP90AA1;CALM1;SOD1;NIBAN1;HSPA9;HSP90AB1;AKAP12;PPL;MGST1;LOX;PSMA1;PKM;CTTN;ALYREF;SFN;MAPT;S100A4;TUBA1A;GSN;ANXA1;CFL1;CRK;TLN1;BCAP31;STIP1;RHOA;PPP2CA;HSPA4;APP;STAT1;TMSB4X;CLU;NDUFAF3;PTPRC
FGFR1 mutant receptor activation	ABI1;NEDD4;FGF2;LASP1;FTH1;HNRNPA2B1;HSPA8;ECHS1;DNAJA3;MYOZ3;VASP;RPSA;CORO1A;ITGB1;MRPS31;HSP90AB1;COX5A;PRDX2;PYCR3;YWHAB;TINAGL1;SNRPB;RPL13;RAC1;RPS9;LRRFIP1;DDB1;EFEMP1;ERLIN2;TTR;SRI;SUOX;GADD45GIP1;HSPA2;ECH1;APP;STAT1;MYOZ1;BAG3;KIF5B
Downstream signal transduction	ABI1;CTNNB1;CAV1;RPL10;ACTN1;LASP1;H1-4;VCL;PAK2;HNRNPA2B1;IQGAP1;FLNA;ECHS1;HSD17B12;DNAJA3;PSMC6;RAB11B;LPIN1;OGN;PECAM1;CORO1A;FLNC;ITGB1;MRPS31;HSP90AA1;AFDN;HSPD1;COX5A;PRDX2;KRT19;CAST;GSTZ1;DNM1;RPL13;HNRNPK;RAC1;RPS9;SORBS2;DAG1;CRK;DDB1;MYLK;TTR;SRI;FLNB;MAOB;PRX;SUOX;IKBKG;PPIA;SHANK3;GADD45GIP1;MAP4;RRAS;ECH1;RTN4;TMPO;STAT1;KRT15;APP;STIM1;SNX3;SLC9A3R1
Inhibition of nitric oxide production	KPNB1;LMNB1;MACROD1;CD74;STAT1;GAPDH
Cyclin D associated events in G1	ABI1;CRELD2;PSAP;CTNNB1;PURA;RAD23B;NEDD4;HNRNPU;CD36;LAMP2;NDUFB7;PHB;ACTN3;PPP2R1A;RACK1;APIP;FHL1;PSMD4;SFPQ;EIF4G1;SORBS1;MYOZ3;ITGB1;YBX1;YWHAZ;FLNC;ELAVL1;CLPP;SOD1;HSP90AB1;PYCR3;SNCA;PSMA1;TARDBP;PPP2R5A;UQCC2;SFN;PRDX5;FKBP1A;GSN;RPS27A;CRK;KRT75;PAWR;RHOA;YWHAG;MECP2;NEFM;DCTN1;IKBKG;PPP2CA;NEDD8;APP;STAT1;HSPB1;ITGB2
G1 Phase	ABI1;CRELD2;PSAP;CTNNB1;PURA;RAD23B;NEDD4;HNRNPU;CD36;LAMP2;NDUFB7;PHB;ACTN3;PPP2R1A;RACK1;APIP;FHL1;PSMD4;SFPQ;EIF4G1;SORBS1;MYOZ3;ITGB1;YBX1;YWHAZ;FLNC;ELAVL1;CLPP;SOD1;HSP90AB1;PYCR3;SNCA;PSMA1;TARDBP;PPP2R5A;UQCC2;SFN;PRDX5;FKBP1A;GSN;RPS27A;CRK;KRT75;PAWR;RHOA;YWHAG;MECP2;NEFM;DCTN1;IKBKG;PPP2CA;NEDD8;APP;STAT1;HSPB1;ITGB2
HIV Life Cycle	CHMP4B;UCHL1;IQGAP1;CHMP3;DNAJA3;TPM3;PARK7;RAN;MYBPHL;TIMM44;NUMA1;SORBS2;SET;COA7;MACROD1;KRT75;DCTN1;RPS4X;PPIA;SCP2;DES;BSG;HSPB1;HMOX2;CTNNB1;KANK2;FUS;ISCU;LASP1;PDCD6IP;PSMA6;RPL27A;HMGA1;FABP3;LPIN1;TCAP;HSP90AA1;GRN;SOD1;HSPA9;SNCA;GSN;BIN1;CRK;CHMP5;COX5B;EMD;TPT1;H4C1;STIM1;RANBP1;NEDD4;HNRNPH1;PDLIM3;DDX5;HTRA2;PSMD4;PSMC6;PSMA1;SFN;MYH9;KRT13;FKBP1A;RPS27A;PRKAR2B;PABPC1;SUOX;KRT1;RBPMS;KRT15;PDLIM7;STAT1;DYNC1H1;LMNB1;SYNCRIP;CD74;MRPL53;BANF1;RAD23B;LAMP2;PHB;SEC31A;FUBP1;BTF3;TPR;CAVIN3;DHX9;YWHAZ;F13A1;SMARCE1;ELAVL1;HSP90AB1;MGST1;TARDBP;LGALS3;PLIN3;KPNB1;TTR;MAOB;IKBKG;KRT16;HSPA2;APP;BAG3;RPS6;KIF5B
MAPK3 (ERK1) activation	PKM;HNRNPK;ALYREF;PECAM1;YAP1;DLST;PSMD9;APP;STAT1;VDAC1;HSP90AB1
NGF-stimulated transcription	CRELD2;CTNNB1;TGM2;CAV1;LAMP2;FUS;ARHGDIB;TAGLN2;SCGB1A1;DDX5;HTRA2;PPP1R12A;ATXN2;RAB11B;PARK7;LPIN1;RAB7A;YBX1;MYBPHL;NME2;CLPP;SNX2;PSMA1;TARDBP;CTTN;ACTR3;FKBP1A;GSN;CSRP2;PPIB;YWHAG;SRI;PPIA;HSPA2;APP;STAT1;PDLIM5;CLU;NEBL;BAG3
Heme signaling	APOA1;CTNNB1;LRPPRC;NONO;KANK2;LAMP2;FUS;ACACA;PHB;DDX5;NEFL;DHX9;FHL1;DNAJA3;HCFC1;C1QBP;RAN;ALB;YBX1;YWHAZ;TNNT1;TRIM28;SOD1;ARPC2;PGK1;SNCA;ARPC3;HP;NOP58;MTDH;GSN;VCP;PPIA;APP;STAT1;TNC;CYB5R3;H4C1;APOA4;COQ9
Interleukin-6 family signaling	ABI1;NDUFAB1;APOE;ECHS1;PECAM1;CORO1A;MRPS31;PSMD9;HSP90AB1;PRDX2;YWHAB;HNRNPK;RPS9;CRK;DDB1;SRI;GADD45GIP1;ECH1;APP;STAT1
Sema4D induced cell migration and growth-cone collapse	ARHGDIA;PLXNB2;MYL9;EEA1;PAK2;IQGAP1;MACROH2A1;NCL;HSP90AA1;MYL12B;HSP90AB1;MYH10;MYH9;MYH11;S100A4;HSP90B1;CFL1;CRK;TLN1;MYH14;RHOA;STIP1;KPNB1;APP;STAT1;TNS2;MYL6;PTPRC
Interleukin-10 signaling	STOM;COL5A1;ICAM1;SGCB;ITGAL;ECHS1;CORO1A;MRPS31;PF4;GRN;HSP90AB1;PRDX2;HNRNPK;RPS9;SRI;IKBKG;GADD45GIP1;ECH1;APP;STAT1;CYB5R3
Gastrin-CREB signalling pathway via PKC and MAPK	CCDC47;CAV1;NEDD4;LASP1;RPL35A;UCHL1;IQGAP1;GAPDH;HSPA8;HSD17B12;BAG6;VASP;YWHAZ;MRPL43;MIF;HSP90AA1;LUM;CALM1;HSPD1;HSP90AB1;HSPA9;AKAP12;SNCA;KRT19;PSMA1;PKM;CTTN;SFN;SET;S100A4;TUBA1A;GSN;ANXA1;CFL1;CRK;TLN1;STIP1;MAOB;NDUFV1;TF;HSPA4;APP;STAT1;CYB5R3;H4C1;STIM1;PTPRC
SARS-CoV-2 Genome Replication and Transcription	PURA;GNB2;CTNNB1;TGM2;FUS;DDX5;RACK1;ATXN2;YWHAZ;HSP90AB1;SNCA;HNRNPL;TARDBP;MAPT;NEFM;LGALS3BP;FN1;APP;HSPB1
Regulation of pyruvate dehydrogenase (PDH) complex	PDK4;GSTZ1;PDHA1;YWHAE;DLAT;DLD;PRDX6;FUS;IMMT;PDHB;APP;STAT1;PDHX;LMNA
POU5F1 (OCT4), SOX2, NANOG activate genes related to proliferation	ECHS1;SRI;FGF2;CORO1A;RPS9;GADD45GIP1;MRPS31;APP;ECH1;STAT1;CRK;PRDX2
Nephrin family interactions	ABI1;CTNNB1;LAMP2;ACTN1;CYCS;H1-4;PDCD6IP;PDLIM3;ACTN3;PAK2;EIF2S1;NDUFAB1;IQGAP1;GAPDH;RACK1;PDLIM1;MYOZ2;PPP1CB;TJP1;BAG6;UQCRB;PARK7;RAN;ITGB1;ARPC4;HSP90AA1;NDUFV2;HSP90AB1;PODXL;COX5A;ACTN2;SNCA;CAST;GSTZ1;PSMA1;SNRPB;DNM1;ARPC3;RPL13;RAC1;SORBS2;MAPT;DAG1;CSRP3;MYOT;PDLIM4;SHMT2;SYNPO2L;CDC42;SYNPO;SPTBN1;TTR;LIN7B;FLNB;TTN;PRX;ECM1;IVD;SHANK3;RRAS;FN1;MAP4;MAP1B;RTN4;TMPO;KRT15;SPTA1;MYOZ1;APP;H4C1;SPTAN1;HMOX2;PCCB;ACTN4;MYLK;ATP1B1
Signaling by KIT in disease	ABI1;PSAP;CD36;LAMP2;CYCS;LASP1;PDCD6IP;HNRNPA2B1;GAPDH;RACK1;NEBL;ECHS1;HSD17B12;DNAJA3;BAG6;UQCRB;PARK7;RAN;LIN7C;LAP3;CORO1A;ITGB1;MRPS31;PPP1R12B;HSP90AA1;HSPD1;NDUFV2;HSP90AB1;COX5A;PRDX2;SNCA;KRT19;RPL13;RAC1;RPS9;MAPT;TNNI1;CRK;DDB1;TTR;SRI;MECP2;MAOB;SUOX;GADD45GIP1;FN1;DES;ECH1;KRT15;APP;STAT1;TNS2;STIM1;HMOX2;PTPRC
Signaling by phosphorylated juxtamembrane, extracellular and kinase domain KIT mutants	ABI1;PSAP;CD36;LAMP2;CYCS;LASP1;PDCD6IP;HNRNPA2B1;GAPDH;RACK1;NEBL;ECHS1;HSD17B12;BAG6;DNAJA3;UQCRB;PARK7;RAN;LIN7C;LAP3;CORO1A;ITGB1;MRPS31;PPP1R12B;HSP90AA1;HSPD1;NDUFV2;HSP90AB1;COX5A;PRDX2;SNCA;KRT19;RPL13;RAC1;RPS9;MAPT;TNNI1;CRK;DDB1;TTR;SRI;MECP2;MAOB;SUOX;GADD45GIP1;FN1;DES;ECH1;KRT15;APP;STAT1;TNS2;STIM1;HMOX2;PTPRC
Attachment and Entry	PSMC1;ADIPOQ;PSAP;PSMA1;VCP;NSFL1C;ITGB1;YWHAZ;AQP1;APP;STX7;KNG1
Interleukin-17 signaling	NDUFA13;CTNNB1;RAD23B;NEDD4;ARHGDIB;PHB2;UBE2V2;SCGB1A1;PPP2R1A;UCHL1;NEFL;HSPA8;APIP;PPP1R12A;KRT8;FHL1;BAG6;VIM;TPM3;RAB11B;PSMD4;LPIN1;VASP;YBX1;ELAVL1;CLPP;HSP90AA1;GRN;HSPD1;SOD1;HSP90AB1;TUBB2A;SNCA;RPS3;PSMA1;TARDBP;EEF1A1;PPP2R5A;PKM;RAC1;YAP1;EMILIN1;TUBA1A;TACC1;HSPB8;GSN;RPS27A;DYNC1H1;ANXA1;HSPA5;LMNA;YWHAG;LGALS7;NDUFV1;NEFM;DCTN1;H2AX;PPP2CA;NEDD8;IKBKG;APP;STAT1;CLU;HSPB1;FIS1
MAP kinase activation	NDUFA13;CTNNB1;RAD23B;NEDD4;ARHGDIB;PHB2;UBE2V2;SCGB1A1;PPP2R1A;UCHL1;NEFL;HSPA8;APIP;PPP1R12A;KRT8;FHL1;BAG6;VIM;TPM3;RAB11B;PSMD4;LPIN1;VASP;YBX1;ELAVL1;CLPP;HSP90AA1;GRN;HSPD1;SOD1;HSP90AB1;TUBB2A;SNCA;RPS3;PSMA1;TARDBP;EEF1A1;PKM;PPP2R5A;RAC1;YAP1;EMILIN1;TUBA1A;TACC1;HSPB8;GSN;RPS27A;DYNC1H1;ANXA1;HSPA5;LMNA;YWHAG;LGALS7;NDUFV1;NEFM;DCTN1;H2AX;PPP2CA;NEDD8;IKBKG;APP;STAT1;CLU;HSPB1;FIS1
DNA Damage Bypass	PSAP;GNB2;RAD23B;NEDD4;TPI1;LASP1;G3BP1;GAPDH;RACK1;PSMD4;ALDOA;HSPB1;G3BP2;YWHAZ;ELAVL1;CALM1;GRN;SOD1;HSP90AB1;ENO1;PGK1;PSMC1;SNCA;PSMA1;TARDBP;EEF1A1;PGAM1;RPS27A;ANXA2;B2M;DDB1;NSFL1C;YWHAG;VCP;FLNB;DCTN1;IKBKG;NEDD8;PRDX6;APP;STAT1;PDCD5
RHOV GTPase cycle	ABI1;TPM4;CTNNB1;ARHGDIA;PCBP1;LASP1;H1-4;CLTC;PPP2R1A;PAK2;CLTA;IQGAP1;CAVIN3;ADD1;TPM3;SORBS1;ITGB1;TNNT1;ARPC4;TCAP;CALM1;HSP90AB1;PODXL;COX5A;ZYX;CAST;GSTZ1;DNM1;RPL13;ARPC3;RAC1;SORBS2;TNNI1;DAG1;FGA;CDC42;ACTBL2;SPTBN1;TTR;FLNB;PRX;IKBKG;SHANK3;RRAS;MAP4;RTN4;TMPO;APP;SPTA1;SPTAN1;ACTN4;MYLK;SYNCRIP
Constitutive Signaling by Overexpressed ERBB2	CTNNB1;LMNB2;LASP1;ACTG1;EEA1;PTGES3;IQGAP1;APOE;HSD17B12;PSMC6;MACROH2A1;HSP90AA1;MRPL9;CAVIN1;HSPD1;HSP90AB1;RPS3A;KRT19;HSP90B1;CRK;PRPH;KRT75;TLN1;KPNB1;STIP1;MAOB;IKBKG;APP;STAT1;TNS2;STIM1;PTPRC
Signaling by cytosolic FGFR1 fusion mutants	ABI1;HNRNPA2B1;ECHS1;DNAJA3;ITGB1;CORO1A;VASP;RPSA;MRPS31;COX5A;PRDX2;RPL13;YWHAB;RAC1;RPS9;LRRFIP1;DDB1;TTR;SRI;SUOX;GADD45GIP1;ECH1;APP;STAT1;BAG3
Biological oxidations	FAM162A;OPLAH;DPEP1;KANK2;LAMP2;M6PR;BPHL;FUS;MTARC2;STOM;AKR1A1;STX7;TFAM;SGCB;PTGES3;POR;GSTM1;RAN;ACSS1;AQP1;UQCRC1;HSP90AA1;FDX1;EPHX1;CYB5B;NDUFV2;ACTN2;HSP90AB1;MGST1;SNCA;GSTZ1;COQ8A;TMEM109;RPL11;AHCY;MAPT;MAOA;MFF;GSN;VAMP3;AKR7A2;ACSS2;HMOX2;PGRMC1;STIP1;YWHAG;MAOB;UGP2;ALDH2;SUOX;IKBKG;NDUFAF2;GSTP1;EMD;AOC3;GSTO1;HIBADH;STAT1;APP;CYB5R3;HSPB1
Interleukin-3, Interleukin-5 and GM-CSF signaling	CD36;RPL37A;LRP1;DNAJA3;BAG6;PARK7;RAN;PECAM1;NDUFV2;ENO1;RPL13;SORBS2;CFL1;LMNA;YWHAG;VCP;MECP2;DCTN1;PPIA;DES;FN1;HMOX2;HSPB1;SNX3;ABI1;LASP1;PDCD6IP;PAK2;ATP5F1B;UQCRB;LAP3;FLNC;HSP90AA1;SOD1;SNCA;EEF1A1;RAC1;CRK;H4C1;PSAP;NEDD4;CYCS;HNRNPA2B1;RACK1;FLNA;PSMD4;VIM;PSMC6;ITGB1;RPSA;NCL;CALM1;CANX;RPS3;SFN;MAPT;RPS27A;PRKAR2B;IDH1;CCT6A;YWHAE;SUOX;RBPMS;KRT15;STAT1;RAD23B;LAMP2;AK2;GAPDH;NPM1;SORBS1;OGN;LIN7C;YWHAZ;ELAVL1;PPP1R12B;HSP90AB1;ATP5F1A;COX5A;YWHAB;YAP1;TNNI1;HNRNPC;TTR;IKBKG;APP;NEBL;KIF5B
Interleukin-20 family signaling	ECHS1;SRI;DNAJA3;HNRNPK;SUOX;PECAM1;CORO1A;RPS9;GADD45GIP1;MRPS31;ECH1;APP;STAT1;HSP90AB1;DDB1;HNRNPA2B1;PRDX2;LAMTOR5
Suppression of phagosomal maturation	RAD23B;NEDD4;LASP1;ACTN3;EEA1;GAPDH;NEFL;PSMD4;FBN1;RAB7A;CORO1A;LAMTOR1;ELAVL1;CD74;TCAP;PPP1R12C;SOD1;TIMM10B;SNCA;KRT19;KRT13;MACROD1;RPS27A;NDUFB10;KRT75;KPNB1;DCTN1;IKBKG;ACOT11;KRT16;HNRNPM;KRT15;APP;STAT1;HSPB1;SYNC;LMNB1;SYNCRIP
Regulation of cholesterol biosynthesis by SREBP (SREBF)	ADIPOQ;CTNNB1;KANK2;LAMP2;FUS;ACACA;STOM;APOC1;UCHL1;DNAJA3;HCFC1;RAN;ALB;MYBPHL;ATOX1;TCAP;SOD1;SNCA;ACACB;LUC7L2;NOP58;COA7;MTDH;MFF;GSN;FASN;KPNB1;VCP;MAOB;DCTN1;RPS4X;SCP2;STAT1;SUCLA2;H4C1;STIM1;CD74;SYNCRIP
NR1H2 & NR1H3 regulate gene expression linked to lipogenesis	ADIPOQ;FHL1;ARPC3;FUS;STOM;STAT1;FASN;BAG3;LMNA
BH3-only proteins associate with and inactivate anti-apoptotic BCL-2 members	CAV1;RACK1;ECHS1;CORO1A;YWHAZ;AQP1;MRPS31;MIF;GRN;SOD1;ACTN2;PRDX2;P4HB;SNCA;YWHAB;SFN;RPS9;BCAP31;YWHAG;SRI;YWHAE;GADD45GIP1;ECH1;APP;STAT1;CLU;HSPB1
PLCG1 events in ERBB2 signaling	CAV1;NEDD4;EEA1;UCHL1;IQGAP1;GAPDH;HSPA8;MACROH2A1;YWHAZ;MIF;HSP90AA1;CALM1;HSP90AB1;HSPA9;AKAP12;MGST1;LOX;CTTN;RAC1;SFN;TUBA1A;S100A4;HSP90B1;ANXA1;CFL1;CRK;TLN1;STIP1;KPNB1;SHANK3;HSPA4;STAT1;TNS2;PTPRC
Sema4D in semaphorin signaling	ARHGDIA;CAV1;PLXNB2;MYL9;EEA1;PAK2;IQGAP1;DNAJA3;MACROH2A1;NCL;HSP90AA1;MYL12B;HSP90AB1;MYH10;RAC1;MYH9;SET;MYH11;S100A4;HSP90B1;PFDN2;CFL1;CRK;TLN1;MYH14;RHOA;STIP1;KPNB1;FLNB;RRAS;APP;STAT1;TNS2;MYL6;PTPRC
RAF-independent MAPK1/3 activation	PSMA1;PKM;HNRNPK;YAP1;PECAM1;ALYREF;DLST;GSN;PSMD9;PHB2;APP;STAT1;VDAC1;HSP90AB1;DYNC1H1
Interleukin-12 signaling	HNRNPD;ACTG1;IQGAP1;DLST;MIF;P4HB;LAMTOR5;HNRNPA1;SORBS2;LCP1;CFL1;LMNA;CDC42;KRT75;YWHAG;MSN;PPIA;TGFB1;HNRNPM;BSG;SOD2;HSPB1;SLC9A3R1;LMNB2;LASP1;EEF1D;PAK2;TCP1;PRDX4;GRN;SOD1;HSPA9;PSMC1;RPLP0;HNRNPL;RAC1;SLC9A3R2;CHCHD2;CRK;FGA;CCT8;HTRA1;RBFOX2;GSTO1;TPT1;STIM1;GNB2;ARHGDIA;HNRNPH1;GRPEL1;HNRNPA2B1;TALDO1;APOE;S100A10;GNB1;RPSA;MAPT;ANXA2;PSMC3;RPS13;TPM2;PDLIM7;STAT1;LMNB1;LAMP2;CA1;GAPDH;SORBS1;YWHAZ;UQCRC1;HSP90AB1;CAPZA1;TARDBP;HNRNPK;CNN2;PRDX5;CALR;EIF4A1;APP
Circadian Clock	PSAP;PSMA4;CTNNB1;CAV1;LRPPRC;NONO;NEDD4;PPP1R9B;KANK2;LAMP2;FUS;RAD23B;LASP1;ACACA;SEPTIN9;DDX5;EEF1D;NEFL;CHCHD3;APIP;PPP1CB;SERPINH1;FHL1;BAG6;DNAJA3;HCFC1;PSMD4;RAN;ALB;YBX1;YWHAZ;ELAVL1;PPP1R12B;TRIM28;GRN;PPP1R2;HSP90AA1;ST13;SOD1;ACTN2;HSP90AB1;P4HB;PGK1;CCT7;SNCA;TARDBP;PKM;ARPC3;MSRA;NOP58;TACC1;FKBP1A;MTDH;GSN;RPS27A;LMNA;COX5B;VCP;NDUFV1;DCTN1;IKBKG;EIF4A1;NEDD8;PPIA;RBPMS;HSPA2;YBX3;APP;STAT1;H4C1;HSPB1;APOA4;EIF4G1;TOR1AIP1
GRB2 events in ERBB2 signaling	CAV1;NEDD4;LASP1;EEA1;UCHL1;IQGAP1;GAPDH;HSPA8;HSD17B12;MACROH2A1;YWHAZ;MIF;HSP90AA1;CALM1;HSPD1;HSP90AB1;HSPA9;AKAP12;MGST1;KRT19;LOX;CTTN;SFN;S100A4;TUBA1A;GSN;HSP90B1;ANXA1;CFL1;CRK;TLN1;KPNB1;STIP1;MAOB;HSPA4;STAT1;TNS2;STIM1;PTPRC
Activation of gene expression by SREBF (SREBP)	ADIPOQ;CTNNB1;KANK2;LAMP2;FUS;ACACA;STOM;APOC1;DNAJA3;HCFC1;RAN;ALB;ATOX1;SOD1;ACACB;LUC7L2;MTDH;NOP58;GSN;FASN;VCP;STAT1;H4C1;CD74
EGFR interacts with phospholipase C-gamma	CAV1;NEDD4;UCHL1;IQGAP1;GAPDH;HSPA8;YWHAZ;MIF;HSP90AA1;CALM1;HSP90AB1;HSPA9;AKAP12;MGST1;LOX;CTTN;RAC1;SFN;TUBA1A;S100A4;GSN;ANXA1;CFL1;CRK;TLN1;STIP1;SHANK3;HSPA4;STAT1;PTPRC
Asparagine N-linked glycosylation	CAVIN2;TXNDC5;SPTB;CLIP1;CAPZA2;LRP1;UCHL1;LMAN1;HSPA8;CHCHD3;BAG6;MYOZ3;RAN;PGAM2;PECAM1;MYBPHL;NDUFS5;SNAP23;SORBS2;TUBA1A;CCT5;LMNA;KRT75;ADGRE5;BCAP31;PRKCSH;SNAP29;DYNC1LI1;VCP;NDUFV1;DCTN1;BAG3;CAPZB;HIBADH;CYB5R3;SPTAN1;MPP1;HSPB1;HMOX2;DMD;ABI1;ADIPOQ;COX4I1;DYNC1I2;DYNLRB1;KANK2;ACTN1;LMNB2;FUS;ISCU;LASP1;SLC1A5;ACTR1A;SYPL1;TPM1;COPE;PRDX4;RAB11B;CORO1A;AQP1;TCAP;GRN;SOD1;LGALS1;CTSZ;PSMC1;SNCA;OBSCN;HSPB8;GSN;MFF;CHCHD2;CCT8;ERLIN2;SPTBN1;COX5B;NDUFAF2;EMD;TPT1;TMSB4X;TNS2;STIM1;VWF;PSAP;CAV1;NEDD4;GANAB;RACK1;NEFL;DDOST;SERPINH1;PSMD4;VIM;PSMC6;PDIA3;CANX;PSMA1;SNRPB;UQCC2;MAPT;S100A4;TACC1;RPS27A;ATP5PO;STX4;PSMC3;IDH1;SYNPO2L;TUBA4A;NSFL1C;ANK1;KRT1;PRDX6;GDI2;RBPMS;SPTA1;CLU;RPN2;DYNC1H1;ECM1;RPN1;CD74;SYNCRIP;SUCLA2;CRELD2;PSMA4;RAD23B;LAMP2;PHB;STOM;SEC31A;RPL12;DYNC1LI2;NAPG;EIF3G;ANXA11;PKP1;NAPA;YWHAZ;SMARCE1;MYOM3;ELAVL1;LRRC59;PPP1R12B;CAPZA1;MSRB3;TUBB2A;MMAB;NID2;TARDBP;ARPC3;EMILIN1;CALR;LGALS3;DCTN2;CSRP2;TTR;ATP6V1G1;IKBKG;HSPB7;GADD45GIP1;APP;NEBL;TUBB3;USO1;NDUFS1;TMED10
SARS-CoV-2 Infection	ADIPOQ;PSAP;GNB2;CTNNB1;PURA;TGM2;CAV1;RAD23B;NEDD4;CHMP4B;LAMP2;FUS;PDCD6IP;DDX5;RPL12;STX7;UBA1;GANAB;CHMP3;NPM1;RACK1;FLNA;ATXN2;DDOST;PSMD4;BAG6;VIM;UQCRB;RAN;PECAM1;ITGB1;YWHAZ;AQP1;ELAVL1;UQCRC1;GRN;RUVBL1;SOD1;KNG1;HSP90AB1;TUBB2A;CANX;SNCA;PSMC1;PSMA1;HNRNPL;SNRPB;TARDBP;RAC1;NIPSNAP2;LUC7L2;MAPT;FKBP1A;GSN;HADHA;PLIN3;HNRNPC;RPS27A;HMGB1;CCT5;CHMP5;PRKCSH;NSFL1C;VCP;DCTN1;NEFM;IKBKG;LGALS3BP;FN1;HSPA2;APP;RPN2;HSPB1;RPN1;LMNB1
HDMs demethylate histones	LAMP2;FBLIM1;DNAJA3;HCFC1;RAN;YWHAZ;GRN;NDUFV2;ACTN2;SNCA;PSMC1;PKM;CBX3;IMMT;LMNA;YWHAG;TNNT2;TTR;H2AX;KRT15;STAT1;H4C1;CTSD
Interleukin-6 signaling	ABI1;ECHS1;YWHAB;SRI;HNRNPK;PECAM1;CORO1A;RPS9;GADD45GIP1;MRPS31;PSMD9;APP;STAT1;ECH1;CRK;HSP90AB1;DDB1;PRDX2
MET activates STAT3	ECHS1;SRI;DNAJA3;PLXNB2;RPS9;CORO1A;GADD45GIP1;MRPS31;ECH1;APP;STAT1;TNS2;PRDX2
Interleukin-15 signaling	DARS1;ARHGDIB;PAK2;HNRNPA2B1;FLNA;ECHS1;KRT8;DNAJA3;LPIN1;RAB11B;CORO1A;RPSA;FLNC;MRPS31;PRDX2;YWHAB;DNM1;HNRNPK;MYH9;RPS9;CRK;HSPA5;VCP;FLNB;SRI;UGP2;SUOX;SHANK3;GADD45GIP1;ECH1;APP;STAT1
Transcriptional activation of mitochondrial biogenesis	CTNNB1;GLUD1;LRPPRC;NONO;DLAT;KANK2;LAMP2;FUS;CYCS;SSBP1;COL10A1;SLC25A5;NDUFAB1;TFAM;NEFL;ATP5F1B;DNAJA3;HCFC1;RAN;ALB;YWHAZ;TRIM28;GRN;CALM1;SOD1;PDHX;ATP5F1A;PPL;PGK1;SNCA;TNNI2;MRPL12;COA7;IDH2;NOP58;MTDH;GSN;ACSS2;LGALS7;VCP;OPA1;MVP;PPIA;APP;CKMT2;STAT1;TMSB4X;H4C1;SOD2;APOA4
Interleukin-2 family signaling	ABI1;DARS1;ARHGDIB;PAK2;HNRNPA2B1;LRP1;FLNA;ECHS1;KRT8;DNAJA3;RAB11B;SORBS1;PECAM1;LPIN1;RPSA;FLNC;AQP1;MRPS31;CORO1A;LAP3;PPP1R12B;ITGB1;HSP90AA1;HSP90AB1;COX5A;PRDX2;LAMTOR5;CANX;YWHAB;DNM1;RPL13;HNRNPK;RAC1;MYH9;RPS9;TNNI1;CRK;DDB1;HSPA5;YWHAG;TTR;SRI;FLNB;VCP;UGP2;SUOX;SHANK3;GADD45GIP1;KRT15;ECH1;APP;STAT1;NEBL;PTPRC
Interleukin-21 signaling	ECHS1;SRI;DNAJA3;SUOX;RPS9;CORO1A;GADD45GIP1;AQP1;MRPS31;ECH1;APP;STAT1;DDB1;HNRNPA2B1;PRDX2;LAMTOR5
Virion Assembly and Release	
STAT3 nuclear events downstream of ALK signaling	
Growth hormone receptor signaling	PSAP;TPP1;CAV1;CD36;HNRNPA2B1;RACK1;ECHS1;DNAJA3;PECAM1;CORO1A;ITGB1;YWHAZ;MRPS31;PSMD9;HSP90AB1;PRDX2;SNCA;PSMA1;PKM;CTTN;RPS9;DDB1;SRI;MECP2;PABPC1;SUOX;GADD45GIP1;ECH1;APP;STAT1
Apoptotic cleavage of cellular proteins	DDX21;RPL31;IQGAP1;HSPA8;ACIN1;DNAJA3;BAG6;RAN;LAMTOR1;MYBPHL;NDUFV2;LAMTOR5;KRT19;TUBA1A;COA7;TCOF1;PRPH;LMNA;CDC42;KRT75;BCAP31;EML1;RHOA;MECP2;DCTN1;RPS4X;COL2A1;SCP2;DES;SPTAN1;MPP1;NES;ACTN4;PTPRC;SYNC;CTNNB1;LMNB2;FUS;LASP1;PAK2;CRYAB;CLTA;TCAP;HSP90AA1;SNCA;DBNL;DSP;PKM;OBSCN;RAC1;GSN;BIN1;CRK;HTRA1;RPL28;SPTBN1;EMD;TNS2;MYOZ2;ANXA6;CDH2;NEFL;APOE;HSD17B12;ADD1;SERPINH1;VIM;CDH5;SFN;MAPT;ANXA2;RPS15A;PAWR;ILK;FIS1;APOA4;LMNB1;SYNCRIP;CRELD2;GAP43;RAD23B;LAMP2;TGFB1I1;AK2;GAPDH;TJP1;KRT8;PTRH2;PKP1;JUP;YWHAZ;PPP1R12B;BOLA1;RUVBL1;HSP90AB1;TUBB2A;PPL;YAP1;CTNNA1;PLIN3;ISCA2;KRT5;MAOB;NEFM;MRPS14;NEDD8;APP;PLEC
GRB7 events in ERBB2 signaling	STIP1;KPNB1;MACROH2A1;HSP90B1;TLN1;STAT1;HSP90AA1;EEA1;TNS2;HSP90AB1;IQGAP1;PTPRC
GRB2 events in EGFR signaling	CAV1;NEDD4;LASP1;UCHL1;IQGAP1;GAPDH;HSPA8;HSD17B12;YWHAZ;MIF;HSP90AA1;CALM1;HSPD1;HSP90AB1;HSPA9;AKAP12;MGST1;KRT19;LOX;CTTN;SFN;TUBA1A;S100A4;GSN;ANXA1;CFL1;CRK;TLN1;STIP1;MAOB;HSPA4;STAT1;STIM1;PTPRC
Metabolism of steroids	SFXN1;CHMP4B;UCHL1;DNAJA3;RAN;DLST;MYBPHL;VAPB;MTDH;COA7;YWHAG;VCP;DCTN1;LBR;RPS4X;PPIA;SCP2;CYB5R3;HMOX2;GC;ADIPOQ;CTNNB1;NDUFB11;KANK2;FUS;ACACA;APOC1;HCFC1;LPIN1;RAB7A;ATOX1;TCAP;SOD1;SNCA;ACACB;LUC7L2;GSN;MFF;EFEMP1;HSD17B4;MYOZ1;H4C1;STIM1;NEFL;HSD17B12;ACAT2;CYB5B;PSMA1;NOP58;VAMP3;SUOX;STAT1;FIS1;CD74;SUCLA2;SYNCRIP;ACSL5;LAMP2;STOM;CD81;UBA1;STX7;ALB;LRRC59;RUVBL1;FDX1;AKR1B1;CBX3;RPL11;CALR;STX12;SFXN3;FASN;KPNB1;MAOB;FETUB;APP
Constitutive Signaling by Ligand-Responsive EGFR Cancer Variants	ABI1;CTNNB1;CAV1;RAD23B;NEDD4;LMNB2;LASP1;ACTG1;UCHL1;IQGAP1;GAPDH;HSPA8;PTGES3;APOE;HSD17B12;PSMD4;PSMC6;ITGB1;YWHAZ;ELAVL1;MIF;HSP90AA1;CALM1;MRPL9;HSPD1;SOD1;HSPA9;COX5A;RPS3A;AKAP12;CAVIN1;HSP90AB1;MGST1;KRT19;LOX;YWHAB;RPL13;SNCA;CTTN;RAC1;SFN;S100A4;TUBA1A;RPS27A;ANXA1;CFL1;CRK;PRPH;KRT75;TLN1;STIP1;TTR;MAOB;DCTN1;IKBKG;SHANK3;HSPA4;APP;STAT1;STIM1;HSPB1;PTPRC
Interleukin-7 signaling	ABI1;TPP1;LAMP2;FBLIM1;CYCS;HNRNPA2B1;ECHS1;DNAJA3;RAN;LAP3;CORO1A;YWHAZ;ITGB1;MRPS31;SMARCE1;PPP1R12B;GRN;NDUFV2;COX5A;PRDX2;SNCA;RPL13;PKM;CBX3;RAC1;RPS9;TNNI1;CRK;HMOX2;LMNA;TTR;SRI;H2AX;PABPC1;SUOX;GADD45GIP1;KRT15;ECH1;APP;STAT1;H4C1;NEBL;HSPB1;CTSD;TOR1AIP1
Signaling by EGFR in Cancer	ABI1;CTNNB1;CAV1;RAD23B;NEDD4;LMNB2;LASP1;ACTG1;UCHL1;IQGAP1;GAPDH;HSPA8;PTGES3;APOE;HSD17B12;PSMD4;PSMC6;ITGB1;YWHAZ;ELAVL1;MIF;HSP90AA1;CALM1;CAVIN1;HSPD1;SOD1;HSPA9;COX5A;RPS3A;AKAP12;MRPL9;HSP90AB1;MGST1;KRT19;LOX;YWHAB;RPL13;SNCA;CTTN;RAC1;SFN;S100A4;TUBA1A;GSN;RPS27A;ANXA1;CFL1;CRK;PRPH;KRT75;TLN1;STIP1;TTR;MAOB;DCTN1;IKBKG;SHANK3;HSPA4;APP;STAT1;STIM1;HSPB1;PTPRC
Signaling by Retinoic Acid	CPT1B;DLAT;FUS;GAPDH;PDHX;ACTN2;PDK4;PDHA1;FABP5;IMMT;DLD;LMNA;ACSF2;YWHAE;PRDX6;DHRS4;PDHB;APP;STAT1;DYNC1H1;ACTN4;SLC9A3R1
Signaling by Ligand-Responsive EGFR Variants in Cancer	ABI1;CTNNB1;CAV1;RAD23B;NEDD4;LMNB2;LASP1;ACTG1;UCHL1;IQGAP1;GAPDH;HSPA8;PTGES3;APOE;HSD17B12;PSMD4;PSMC6;ITGB1;YWHAZ;ELAVL1;MIF;HSP90AA1;CALM1;MRPL9;HSPD1;SOD1;HSPA9;COX5A;RPS3A;AKAP12;CAVIN1;HSP90AB1;MGST1;KRT19;LOX;YWHAB;RPL13;SNCA;CTTN;RAC1;SFN;S100A4;TUBA1A;RPS27A;ANXA1;CFL1;CRK;PRPH;KRT75;TLN1;STIP1;TTR;MAOB;DCTN1;IKBKG;SHANK3;HSPA4;APP;STAT1;STIM1;HSPB1;PTPRC
Signaling by Overexpressed Wild-Type EGFR in Cancer	CAV1;NEDD4;UCHL1;IQGAP1;GAPDH;HSPA8;YWHAZ;MIF;HSP90AA1;CALM1;HSP90AB1;HSPA9;AKAP12;MGST1;LOX;CTTN;SFN;TUBA1A;S100A4;GSN;ANXA1;CFL1;CRK;TLN1;STIP1;HSPA4;STAT1;PTPRC
Inhibition of Signaling by Overexpressed EGFR	CAV1;NEDD4;UCHL1;IQGAP1;GAPDH;HSPA8;YWHAZ;MIF;HSP90AA1;CALM1;HSP90AB1;HSPA9;AKAP12;MGST1;LOX;CTTN;SFN;TUBA1A;S100A4;GSN;ANXA1;CFL1;CRK;TLN1;STIP1;HSPA4;STAT1;PTPRC
Interleukin-35 Signalling	ECHS1;CANX;SRI;HNRNPK;RPS9;CORO1A;GADD45GIP1;MRPS31;APP;ECH1;STAT1;RPL12;HSP90AB1;DDB1;PRDX2;LAMTOR5
Activation of BH3-only proteins	RMDN3;HNRNPD;UCHL1;CHCHD3;RAN;DLST;MRPL43;MIF;P4HB;ENO1;CENPV;SORBS2;SET;ACOT13;CFL1;PRPH;LMNA;BCAP31;YWHAG;VCP;NDUFV1;HSPB1;CTNNB1;CCDC47;KANK2;LMNB2;FUS;RPL35A;ATP5F1B;AQP1;GRN;SOD1;NIBAN1;HSPA9;ACTN2;SNCA;EEF1A1;DLD;STIP1;H2AX;PPP2CA;MAP1B;TPT1;H4C1;STIM1;CAV1;DDX5;VDAC1;RACK1;NEFL;FLNA;PPP1CB;VIM;HNRNPAB;NCL;CALM1;LUM;RPS3;SFN;MAPT;S100A4;HMGB1;VAMP3;PAWR;KRT4;YWHAE;STAT1;LMNB1;PPIF;LAMP2;PHB;PPP2R1A;NPM1;NDUFA5;YWHAZ;HSP90AB1;ATP5F1A;PPL;YWHAB;ACSF3;HNRNPK;ALYREF;RPL11;YAP1;HNRNPC;APP;KIF5B
Drug-mediated inhibition of ERBB2 signaling	CTNNB1;LMNB2;ACTG1;EEA1;PTGES3;IQGAP1;APOE;PSMC6;MACROH2A1;HSP90AA1;MRPL9;CAVIN1;HSP90AB1;RPS3A;HSP90B1;PRPH;KRT75;TLN1;STIP1;KPNB1;IKBKG;APP;STAT1;TNS2;PTPRC
Drug resistance in ERBB2 KD mutants	CTNNB1;LMNB2;ACTG1;EEA1;PTGES3;IQGAP1;APOE;PSMC6;MACROH2A1;HSP90AA1;CAVIN1;MRPL9;HSP90AB1;RPS3A;HSP90B1;PRPH;KRT75;TLN1;STIP1;KPNB1;IKBKG;APP;STAT1;TNS2;PTPRC
Resistance of ERBB2 KD mutants to trastuzumab	CTNNB1;LMNB2;ACTG1;EEA1;PTGES3;IQGAP1;APOE;PSMC6;MACROH2A1;HSP90AA1;MRPL9;CAVIN1;HSP90AB1;RPS3A;HSP90B1;PRPH;KRT75;TLN1;STIP1;KPNB1;IKBKG;APP;STAT1;TNS2;PTPRC
Resistance of ERBB2 KD mutants to sapitinib	CTNNB1;LMNB2;ACTG1;EEA1;PTGES3;IQGAP1;APOE;PSMC6;MACROH2A1;HSP90AA1;CAVIN1;MRPL9;HSP90AB1;RPS3A;HSP90B1;PRPH;KRT75;TLN1;STIP1;KPNB1;IKBKG;APP;STAT1;TNS2;PTPRC
Resistance of ERBB2 KD mutants to tesevatinib	CTNNB1;LMNB2;ACTG1;EEA1;PTGES3;IQGAP1;APOE;PSMC6;MACROH2A1;HSP90AA1;CAVIN1;MRPL9;HSP90AB1;RPS3A;HSP90B1;PRPH;KRT75;TLN1;STIP1;KPNB1;IKBKG;APP;STAT1;TNS2;PTPRC
Resistance of ERBB2 KD mutants to neratinib	CTNNB1;LMNB2;ACTG1;EEA1;PTGES3;IQGAP1;APOE;PSMC6;MACROH2A1;HSP90AA1;MRPL9;CAVIN1;HSP90AB1;RPS3A;HSP90B1;PRPH;KRT75;TLN1;STIP1;KPNB1;IKBKG;APP;STAT1;TNS2;PTPRC
Resistance of ERBB2 KD mutants to osimertinib	CTNNB1;LMNB2;ACTG1;EEA1;PTGES3;IQGAP1;APOE;PSMC6;MACROH2A1;HSP90AA1;MRPL9;CAVIN1;HSP90AB1;RPS3A;HSP90B1;PRPH;KRT75;TLN1;STIP1;KPNB1;IKBKG;APP;STAT1;TNS2;PTPRC
Resistance of ERBB2 KD mutants to afatinib	CTNNB1;LMNB2;ACTG1;EEA1;PTGES3;IQGAP1;APOE;PSMC6;MACROH2A1;HSP90AA1;MRPL9;CAVIN1;HSP90AB1;RPS3A;HSP90B1;PRPH;KRT75;TLN1;STIP1;KPNB1;IKBKG;APP;STAT1;TNS2;PTPRC
Resistance of ERBB2 KD mutants to AEE788	CTNNB1;LMNB2;ACTG1;EEA1;PTGES3;IQGAP1;APOE;PSMC6;MACROH2A1;HSP90AA1;MRPL9;CAVIN1;HSP90AB1;RPS3A;HSP90B1;PRPH;KRT75;TLN1;STIP1;KPNB1;IKBKG;APP;STAT1;TNS2;PTPRC
Resistance of ERBB2 KD mutants to lapatinib	CTNNB1;LMNB2;ACTG1;EEA1;PTGES3;IQGAP1;APOE;PSMC6;MACROH2A1;HSP90AA1;CAVIN1;MRPL9;HSP90AB1;RPS3A;HSP90B1;PRPH;KRT75;TLN1;STIP1;KPNB1;IKBKG;APP;STAT1;TNS2;PTPRC
Drug resistance in ERBB2 TMD/JMD mutants	CTNNB1;LMNB2;ACTG1;EEA1;PTGES3;IQGAP1;APOE;PSMC6;MACROH2A1;HSP90AA1;CAVIN1;MRPL9;HSP90AB1;RPS3A;HSP90B1;PRPH;KRT75;TLN1;STIP1;KPNB1;IKBKG;APP;STAT1;TNS2;PTPRC
Signaling by Leptin	ECHS1;SRI;DNAJA3;PABPC1;SUOX;PECAM1;CORO1A;RPS9;YWHAZ;GADD45GIP1;MRPS31;APP;ECH1;STAT1;HNRNPA2B1;PRDX2
PI3K events in ERBB2 signaling	ABI1;CAV1;NEDD4;EEA1;UCHL1;IQGAP1;GAPDH;HSPA8;ITGB1;MACROH2A1;YWHAZ;MIF;HSP90AA1;CALM1;HSP90AB1;HSPA9;COX5A;AKAP12;MGST1;LOX;RPL13;CTTN;RAC1;SFN;TUBA1A;S100A4;GSN;HSP90B1;ANXA1;CFL1;CRK;TLN1;STIP1;KPNB1;TTR;HSPA4;APP;STAT1;TNS2;PTPRC
Interaction between L1 and Ankyrins	DMD;ABI1;ADIPOQ;DSTN;SFXN1;SPTB;TAGLN2;ACTG1;HSPA8;YWHAZ;VAPB;CALM1;MYL12B;OBSCN;SFXN3;VAMP3;CFL1;KRT75;L1CAM;SPTBN1;ANK1;PFN1;EMD;GADD45GIP1;APP;TPT1;SPTA1;SPTAN1;FIS1
Inactivation of CSF3 (G-CSF) signaling	PSAP;GNB2;MRPL53;NEDD4;CD36;RAD23B;PDCD6IP;PAK2;HNRNPA2B1;LRP1;RACK1;ECHS1;PSMD4;DNAJA3;ITGB1;CORO1A;MRPS31;ELAVL1;SOD1;HSP90AB1;PRDX2;CANX;SNCA;HNRNPK;RAC1;RPS9;RPS27A;DDB1;SRI;VCP;MECP2;DCTN1;SUOX;IKBKG;GADD45GIP1;RBPMS;ECH1;APP;STAT1;HSPB1
Downregulation of ERBB2:ERBB3 signaling	RAD23B;NEDD4;PPP2R1A;EEA1;IQGAP1;PSMD4;VIM;MACROH2A1;YWHAZ;ELAVL1;HSP90AA1;NIBAN1;SOD1;HSP90AB1;PPL;SNCA;ALYREF;MAPT;RPS27A;HSP90B1;ISCA2;TLN1;STIP1;KPNB1;DCTN1;IKBKG;PPP2CA;APP;STAT1;TNS2;HSPB1;PTPRC
Signaling by MET	ACTN3;COL1A1;IQGAP1;COL3A1;LAMA2;DNAJA3;PECAM1;DLST;HSPD1;P4HB;KRT19;LOX;COQ8A;RPL13;LAMB2;SET;COL5A2;CCT5;LMNA;KRT75;FLNB;DCTN1;COL2A1;PPIA;FN1;HNRNPM;HSPB1;ENTPD1;SNX3;ABI1;CTNNB1;TGM2;ACTN1;LASP1;PAK2;ATXN2;RAB11B;LPIN1;FBN1;CORO1A;FLNC;MRPS31;HSP90AA1;SOD1;PRDX2;SNCA;CTTN;RAC1;GSN;CRK;TLN1;SRI;EMD;COL11A1;TNS2;STIM1;LAMA5;ARHGDIA;CAV1;PLXNB2;NEDD4;DCN;SCGB1A1;COL5A1;NEFL;FLNA;ECHS1;HSD17B12;PSMD4;PSMC6;LAMB1;ITGB1;ITGA5;AFDN;TIMM10B;SPARC;COL11A2;KRT13;RPS27A;NDUFB10;PFDN2;COL27A1;ACOT11;KRT15;STAT1;RAD23B;COL1A2;RPL10;LAMP2;TGFB1I1;PTRH2;OGN;YWHAZ;ELAVL1;CAPZA1;COX5A;YWHAB;HNRNPK;TMEM109;RPS9;CALR;CCN2;LAMA4;TTR;MAOB;TF;IKBKG;LAMC1;KRT16;GADD45GIP1;ECH1;APP;TNC;TMED10
Interleukin-9 signaling	ECHS1;SRI;DNAJA3;SUOX;RPS9;CORO1A;GADD45GIP1;MRPS31;ECH1;APP;STAT1;DDB1;HNRNPA2B1;PRDX2
RHOU GTPase cycle	ABI1;CTNNB1;ARHGDIA;TPP1;PCBP1;LASP1;H1-4;CLTC;PPP2R1A;ACTN3;PAK2;UBA1;HTRA2;CLTA;IQGAP1;NEFL;ADD1;SORBS1;FBN1;ITGB1;YWHAZ;TCAP;HSP90AB1;PODXL;TIMM10B;COX5A;SNCA;KRT19;CAST;GSTZ1;TARDBP;SNRPB;DNM1;RPL13;RAC1;SORBS2;KRT13;SLC9A3R2;DAG1;NDUFB10;CCT5;LMNA;CDC42;KRT75;SPTBN1;KRT16;TTR;FLNB;DCTN1;PRX;IKBKG;ACOT11;SHANK3;GADD45GIP1;MAP4;HNRNPM;PDLIM7;RTN4;RRAS;TMPO;SPTA1;KRT15;APP;SPTAN1;DYNC1H1;CTSD;ACTN4;MYLK;SYNCRIP
Signaling by CSF3 (G-CSF)	PSAP;GNB2;MRPL53;NEDD4;CD36;RAD23B;DARS1;ARHGDIB;PDCD6IP;PAK2;HNRNPA2B1;LRP1;RACK1;FLNA;ECHS1;KRT8;PSMD4;DNAJA3;RAB11B;LPIN1;PECAM1;CORO1A;RPSA;FLNC;ITGB1;MRPS31;ELAVL1;SOD1;HSP90AB1;PRDX2;CANX;SNCA;YWHAB;DNM1;HNRNPK;RAC1;MYH9;RPS9;RPS27A;DDB1;HSPA5;SRI;FLNB;VCP;MECP2;UGP2;SUOX;DCTN1;SHANK3;GADD45GIP1;RBPMS;IKBKG;ECH1;APP;STAT1;HSPB1
TP53 Regulates Transcription of Cell Cycle Genes	KANK2;LAMP2;FUS;TPI1;HNRNPD;PPIF;PHB;PPP2R1A;DDX5;VDAC1;UCHL1;GAPDH;NPM1;RACK1;FLNA;DHX9;DNAJA3;BAG6;ALDOA;PECAM1;DLST;YWHAZ;YBX1;NCL;NIBAN1;HSPA9;ENO1;PGK1;RPS3;SNCA;YWHAB;TNKS1BP1;EEF1A1;PGAM1;HNRNPK;ALYREF;SFN;MAPT;S100A4;CALR;FKBP1A;MFF;DCTN2;ANXA2;DYNC1H1;GSN;HMGB1;B2M;PAWR;STIP1;YWHAG;RHOA;VCP;IKBKG;NUCB2;PPP2CA;PRDX6;MAP1B;GADD45GIP1;MTFR1L;CHTOP;APP;TPT1;STAT1;H4C1;HSPB1;RPS6;SYNCRIP
Carnitine metabolism	ABI1;CPT1B;NONO;LAMP2;FUS;ACACA;APOC1;THRSP;NEFL;FLNA;GRN;CPT2;ACACB;TNNI1;EMILIN1;GSN;PRPH;LMNA;PYGM;SLC25A20;KRT16;RBPMS;APP;STAT1;HSPB1
Interleukin-27 signaling	ECHS1;SRI;HNRNPK;RPS9;CORO1A;GADD45GIP1;MRPS31;ECH1;APP;STAT1;RPL12;HSP90AB1;DDB1;PRDX2;CANX
TP53 regulates transcription of additional cell cycle genes whose exact role in the p53 pathway remain uncertain	KANK2;PPIF;LAMP2;PHB;DDX5;PPP2R1A;UCHL1;RACK1;NPM1;FLNA;PECAM1;DLST;YWHAZ;NCL;NIBAN1;HSPA9;RPS3;YWHAB;TNKS1BP1;HNRNPK;SFN;S100A4;CALR;MFF;HMGB1;STIP1;YWHAG;VCP;MAP1B;MTFR1L;TPT1;HSPB1;RPS6
Formation of Incision Complex in GG-NER	RAD23B;NEDD4;CHMP4B;LAMP2;UBE2V2;UBA1;HTRA2;GAPDH;NPM1;APOE;ATXN2;PSMD4;VIM;PARK7;ELAVL1;RUVBL1;GRN;SOD1;NDUFV2;HSP90AB1;SNCA;PSMA1;TARDBP;EEF1A1;SFN;TACC1;RPS27A;PLIN3;HMGB1;HNRNPC;DDB1;CCT5;PRPH;LMNA;YWHAG;VCP;MECP2;DCTN1;IKBKG;NEDD8;APP;STAT1;HSPB1
Phase I - Functionalization of compounds	FAM162A;KANK2;LAMP2;FUS;BPHL;MTARC2;STOM;PTGES3;POR;RAN;ACSS1;HSP90AA1;FDX1;EPHX1;CYB5B;HSP90AB1;COQ8A;RPL11;MAPT;MAOA;MFF;GSN;ACSS2;PGRMC1;STIP1;MAOB;ALDH2;SUOX;IKBKG;NDUFAF2;AOC3;STAT1;CYB5R3
DNA Damage Recognition in GG-NER	CAVIN2;CTNNB1;DSTN;RAD23B;NEDD4;KANK2;TAGLN2;ACTG1;PEX14;UCHL1;HSPA8;TPM1;SERPINH1;PSMD4;VIM;TPM3;RAB7A;YWHAZ;ELAVL1;RUVBL1;GRN;MYL12B;SOD1;NDUFV2;CAVIN1;HSP90AB1;PPL;SNCA;KRT19;PSMA1;EEF1A1;SFN;TNNI1;GSN;RPS27A;HMGB1;CFL1;DDB1;CCT5;PRPH;LMNA;TTR;TPM2;VCP;NDUFV1;MECP2;DCTN1;SUOX;IKBKG;NEDD8;EMD;PFN1;APP;TPT1;STAT1;RUVBL2;TNS2;HSPB1
Cytoprotection by HMOX1	LRPPRC;RPS14;ACTN3;COL1A1;DNAJA3;TPM3;MYOZ3;RAN;DLST;BLVRB;FAM25C;P4HB;KRT19;HNRNPA1;MTDH;COA7;DPY30;PRPH;VCP;NDUFV1;DCTN1;MECP2;COL2A1;PPIA;SHANK3;CYB5R3;LXN;HSPB1;HMOX2;COX4I1;CTNNB1;KANK2;FUS;LASP1;PSMA6;CLIC1;TPM1;HCFC1;CORO1A;YBX1;MRPS31;CLPP;GRN;SOD1;ACTN2;PRDX2;SNCA;PSMC1;TNNI2;GSN;CRK;COX5B;SRI;RBFOX2;PSMD1;H4C1;ITGB2;TOR1AIP1;NEDD4;CYCS;NDUFAB1;HTRA2;NEFL;APIP;FLNA;ECHS1;SERPINH1;PSMD4;PSMC6;COX6B1;PSMD9;PYCR3;SLIRP;PSMA1;SNRPB;KRT13;NOP58;FKBP1A;RPS27A;STX4;PSMC3;PTMA;SYNPO2L;COX6C;PSMA7;PRDX6;KRT15;TACO1;STAT1;DYNC1H1;PSMA4;GAP43;RAD23B;LAMP2;PHB;STOM;LETM1;ICAM1;NPM1;SFPQ;ALB;TNNT1;SMARCE1;ELAVL1;TRIM28;COA3;HSP90AB1;ARPC2;COX5A;PGK1;TARDBP;NDUFA4;RPS9;CALR;FLOT1;LIN7B;MAOB;IKBKG;NEDD8;GADD45GIP1;HSPA2;ECH1;APP;COX7C;COQ9
Cellular response to chemical stress	LRPPRC;RPS14;ACTN3;COL1A1;HSPA8;BAG6;DNAJA3;TPM3;MYOZ3;RAN;DLST;BLVRB;NDUFV2;FAM25C;P4HB;KRT19;HNRNPA1;MTDH;COA7;DPY30;PRPH;VCP;NDUFV1;DCTN1;MECP2;COL2A1;PPIA;SHANK3;TGFB1;CYB5R3;LXN;SOD2;PRDX3;HSPB1;HMOX2;ABI1;GNAI2;COX4I1;CTNNB1;KANK2;ACTN1;FUS;LASP1;PSMA6;MYL9;EEF1D;GSR;CLIC1;TPM1;PRDX4;HCFC1;CORO1A;YBX1;AQP1;MRPS31;ATOX1;CLPP;HSP90AA1;GRN;SOD1;ACTN2;PRDX2;SNCA;PSMC1;TNNI2;GSN;CHCHD2;DLD;CRK;FGA;COX5B;SRI;RBFOX2;TPT1;PSMD1;H4C1;ITGB2;TOR1AIP1;GNB2;CAV1;NEDD4;CYCS;CAT;VDAC1;NDUFAB1;HTRA2;NEFL;APIP;FLNA;ECHS1;SERPINH1;PSMD4;GNB1;PSMC6;PDIA3;COX6B1;RPSA;PSMD9;PYCR3;SLIRP;SOD3;PSMA1;SNRPB;UQCC2;KRT13;NOP58;FKBP1A;RPS27A;STX4;PSMC3;VAMP3;PTMA;SYNPO2L;TXNRD2;COX6C;PSMA7;TPM2;PRDX6;GSTP1;KRT15;TACO1;STAT1;SPTA1;DYNC1H1;PSMA4;GPX3;GAP43;RAD23B;LAMP2;PHB;STOM;LETM1;CD81;ICAM1;PRDX1;GAPDH;NPM1;SFPQ;ALB;TNNT1;SMARCE1;ELAVL1;TMOD4;TRIM28;COA3;HSP90AB1;ARPC2;COX5A;PGK1;TARDBP;NDUFA4;PRDX5;TMEM109;RPS9;CALR;STX12;FLOT1;LIN7B;MAOB;TF;IKBKG;NEDD8;GADD45GIP1;HSPA2;ECH1;APP;COX7C;GPX1;COQ9
PTK6 Activates STAT3	ECHS1;SRI;SFPQ;MYOZ3;CORO1A;RPS9;GADD45GIP1;MRPS31;ECH1;ACTN3;STAT1;APP;HSP90AB1;PRDX2
Formation of TC-NER Pre-Incision Complex	RAD23B;NEDD4;LAMP2;FUS;PCBP1;PSMA6;DDX5;PEX14;HTRA2;UCHL1;PSMD4;RAN;RAB7A;DLST;YBX1;F13A1;ELAVL1;GRN;SOD1;NDUFV2;HSP90AB1;SNCA;KRT19;PSMA1;TARDBP;SFN;CALR;GSN;RPS27A;DYNC1H1;DDB1;CCT5;PRPH;LMNA;HMOX2;TTR;VCP;NDUFV1;MECP2;DCTN1;SUOX;IKBKG;PRPF19;DES;APP;STAT1;HSPB1;KIF5B
Translation of Structural Proteins	
Caspase-mediated cleavage of cytoskeletal proteins	DDX21;CTNNB1;NES;ANXA6;RAD23B;LAMP2;FUS;LASP1;AK2;PAK2;RPL31;CLTA;NEFL;HSPA8;MYOZ2;APOE;KRT8;HSD17B12;DNAJA3;VIM;BAG6;ADD1;PKP1;LAMTOR1;YWHAZ;MYBPHL;PPP1R12B;TCAP;HSP90AB1;TUBB2A;LAMTOR5;PPL;SNCA;KRT19;DBNL;OBSCN;SFN;MAPT;TUBA1A;COA7;GSN;PLIN3;ANXA2;BIN1;TCOF1;ISCA2;HTRA1;PRPH;RPS15A;KRT75;RPL28;BCAP31;PAWR;EML1;SPTBN1;ILK;MAOB;DCTN1;NEFM;RPS4X;COL2A1;NEDD8;MRPS14;SCP2;DES;APP;PLEC;SPTAN1;MPP1;APOA4;SYNC;SYNCRIP
Dual Incision in GG-NER	RAD23B;NEDD4;LAMP2;TPI1;LASP1;GAPDH;PSMD4;ALDOA;ELAVL1;SOD1;HSP90AB1;ENO1;PGK1;SNCA;PSMA1;EEF1A1;PGAM1;TACC1;RPS27A;HMGB1;ANXA2;DDB1;B2M;VCP;DCTN1;IKBKG;PRDX6;APP;STAT1;HSPB1
Regulation of IFNG signaling	ADIPOQ;CAV1;HTRA2;NPM1;PECAM1;ITGB1;GRN;NDUFV2;SNCA;CTTN;HNRNPC;CCT5;PRPH;LMNA;MECP2;IKBKG;STAT1;STIM1;HSPB1
Recognition of DNA damage by PCNA-containing replication complex	RAD23B;NEDD4;TPI1;LASP1;GAPDH;PSMD4;ALDOA;ELAVL1;PDCD5;SOD1;HSP90AB1;ENO1;SNCA;PGK1;PSMA1;TARDBP;EEF1A1;PGAM1;RPS27A;ANXA2;DDB1;B2M;VCP;DCTN1;IKBKG;PRDX6;APP;STAT1;HSPB1
Chaperonin-mediated protein folding	CLIP1;ACTG1;CTSB;UCHL1;HSPA8;BAG6;P4HB;MSRA;TUBA1A;CFL1;DDB1;CCT5;YWHAG;BAG3;HSPB1;PFDN6;KANK2;TCP1;CORO1A;MRPS31;MYL12B;SOD1;HSPA9;PRDX2;SNCA;EEF1A1;RAC1;MYOT;CCT8;STIP1;SRI;LGALS3BP;MAP1B;EMD;TPT1;MYOZ1;GNB2;DSTN;VDAC2;TAGLN2;DDX5;MYCBP;RACK1;FLNA;ECHS1;CCT3;GNB1;VIM;NCL;GNA11;RPS3;CCT7;GNG12;SNRPB;UQCC2;SFN;MAPT;S100A4;HMGB1;PFDN2;TUBA4A;CCT6A;YWHAE;SUOX;PFN1;STAT1;DBI;PPIF;LAMP2;PHB;PPP2R1A;NPM1;MRPL11;YWHAZ;UQCRC1;HSP90AB1;TUBB2A;PGK1;TARDBP;HNRNPK;RPS9;EMILIN1;KRT16;GADD45GIP1;ECH1;APP;TUBB3
Dual incision in TC-NER	RAD23B;NEDD4;LAMP2;FUS;TPI1;PCBP1;LASP1;PSMA6;DDX5;HTRA2;GAPDH;PSMD4;ALDOA;RAN;DLST;YBX1;F13A1;ELAVL1;SOD1;HSP90AB1;ENO1;PGK1;SNCA;PSMA1;TARDBP;EEF1A1;PGAM1;SFN;CALR;TACC1;GSN;RPS27A;ANXA2;DYNC1H1;B2M;DDB1;HMOX2;VCP;DCTN1;IKBKG;PRPF19;PRDX6;DES;APP;STAT1;HSPB1;KIF5B
Gap-filling DNA repair synthesis and ligation in TC-NER	RAD23B;NEDD4;LAMP2;FUS;TPI1;PCBP1;LASP1;PSMA6;DDX5;HTRA2;GAPDH;PSMD4;ALDOA;RAN;DLST;YBX1;F13A1;ELAVL1;SOD1;HSP90AB1;ENO1;PGK1;SNCA;PSMA1;TARDBP;EEF1A1;PGAM1;SFN;CALR;GSN;RPS27A;ANXA2;DYNC1H1;B2M;DDB1;HMOX2;VCP;DCTN1;IKBKG;PRPF19;PRDX6;DES;APP;STAT1;HSPB1;KIF5B
Association of TriC/CCT with target proteins during biosynthesis	PPIF;LAMP2;VDAC2;PHB;PPP2R1A;DDX5;MYCBP;CTSB;UCHL1;TCP1;NPM1;RACK1;FLNA;ECHS1;CCT3;BAG6;CORO1A;YWHAZ;MRPS31;NCL;HSP90AB1;HSPA9;PRDX2;PGK1;RPS3;CCT7;TARDBP;EEF1A1;HNRNPK;SFN;RPS9;MSRA;S100A4;HMGB1;CCT8;DDB1;CCT5;STIP1;YWHAG;CCT6A;SRI;BAG3;YWHAE;LGALS3BP;MAP1B;GADD45GIP1;ECH1;APP;TPT1;STAT1;HSPB1
Protein folding	CLIP1;ACTG1;CTSB;UCHL1;HSPA8;BAG6;P4HB;MSRA;TUBA1A;CFL1;DDB1;CCT5;YWHAG;BAG3;HSPB1;PFDN6;KANK2;TCP1;CORO1A;MRPS31;MYL12B;SOD1;HSPA9;PRDX2;SNCA;EEF1A1;RAC1;GSN;MYOT;CCT8;STIP1;SRI;LGALS3BP;MAP1B;EMD;TPT1;MYOZ1;GNB2;DSTN;VDAC2;TAGLN2;DDX5;MYCBP;RACK1;FLNA;ECHS1;CCT3;GNB1;VIM;NCL;GNA11;RPS3;CCT7;GNG12;SNRPB;UQCC2;SFN;MAPT;S100A4;HMGB1;PFDN2;TUBA4A;CCT6A;YWHAE;SUOX;PFN1;STAT1;DBI;PPIF;LAMP2;PHB;PPP2R1A;NPM1;MRPL11;YWHAZ;UQCRC1;HSP90AB1;TUBB2A;PGK1;TARDBP;HNRNPK;RPS9;EMILIN1;KRT16;GADD45GIP1;ECH1;APP;TUBB3
Transcription-Coupled Nucleotide Excision Repair (TC-NER)	RAD23B;NEDD4;LAMP2;FUS;TPI1;PCBP1;LASP1;PSMA6;DDX5;PEX14;HTRA2;UCHL1;GAPDH;PSMD4;ALDOA;RAN;RAB7A;DLST;YBX1;F13A1;ELAVL1;GRN;SOD1;NDUFV2;HSP90AB1;ENO1;PGK1;KRT19;SNCA;PSMA1;TARDBP;EEF1A1;PGAM1;SFN;CALR;TACC1;GSN;RPS27A;ANXA2;DYNC1H1;B2M;CCT5;DDB1;LMNA;PRPH;HMOX2;TTR;VCP;NDUFV1;MECP2;DCTN1;SUOX;IKBKG;PRPF19;PRDX6;DES;APP;STAT1;HSPB1;KIF5B
Global Genome Nucleotide Excision Repair (GG-NER)	CAVIN2;CHMP4B;UBE2V2;ACTG1;UCHL1;HSPA8;TPM3;PARK7;NDUFV2;ENO1;KRT19;PGAM1;CFL1;DDB1;CCT5;PRPH;LMNA;YWHAG;VCP;NDUFV1;MECP2;DCTN1;HSPB1;CTNNB1;KANK2;LASP1;PEX14;TPM1;ATXN2;RAB7A;GRN;MYL12B;SOD1;SNCA;EEF1A1;GSN;EMD;TPT1;TNS2;DSTN;NEDD4;TAGLN2;HTRA2;APOE;SERPINH1;PSMD4;VIM;CAVIN1;PSMA1;SFN;TACC1;RPS27A;HMGB1;ANXA2;TPM2;SUOX;PFN1;PRDX6;STAT1;RAD23B;LAMP2;TPI1;UBA1;GAPDH;NPM1;ALDOA;YWHAZ;ELAVL1;RUVBL1;HSP90AB1;PPL;PGK1;TARDBP;TNNI1;PLIN3;HNRNPC;B2M;TTR;IKBKG;NEDD8;APP;RUVBL2